測站,萬大發電廠
測站代碼,觀測時間,平均氣壓(hPa),海平面氣壓(hPa),日最高氣壓(hPa),最高氣壓時間,日最低氣壓(hPa),最低氣壓時間,平均氣溫(℃),最高氣溫(℃),最高氣溫時間,最低氣溫(℃),最低氣溫時間,平均露點溫度(℃),平均相對溼度( %),最低相對溼度( %),最低相對溼度時間,平均風速(m/s),平均風向(°),最大瞬間風風速(m/s),最大瞬間風風向(°),最大瞬間風風速時間,累計雨量(mm),最大10分鐘降水量(mm),最大10分鐘降水量起始時間,最大60分鐘降水量(mm),最大60分鐘降水量起始時間,累積日照時數(hr),累積日射量(MJ/m2),累積蒸發量(mm),平均地溫0cm(℃),平均地溫5cm(℃),平均地溫10cm(℃),平均地溫20cm(℃),平均地溫50cm(℃),平均地溫100cm(℃)
42HA10,2026-01-01,901.6,1017.7,903.5,2026-01-01 23:34:00,900.1,2026-01-01 14:01:00,14.9,22.0,2026-01-01 12:56:00,11.3,2026-01-01 04:09:00,10.7,77,47,2026-01-01 12:54:00,0.6,270.0,4.6,250.0,2026-01-01 12:59:00,0.0,0.0,,0.0,,5.7,6.41,,,,,,,
42HA10,2026-01-02,905.1,1022.6,907.6,2026-01-02 23:28:00,903.1,2026-01-02 04:23:00,12.5,17.3,2026-01-02 14:16:00,8.8,2026-01-02 23:53:00,9.7,83,56,2026-01-02 14:53:00,0.9,190.0,5.4,280.0,2026-01-02 17:51:00,0.5,0.5,2026-01-02 01:16:00,0.5,2026-01-02 00:26:00,6.8,8.21,,,,,,,
42HA10,2026-01-03,907.2,1026.0,908.8,2026-01-03 09:07:00,905.1,2026-01-03 14:42:00,10.3,18.4,2026-01-03 12:16:00,5.4,2026-01-03 07:46:00,5.2,74,28,2026-01-03 12:11:00,0.6,190.0,4.7,310.0,2026-01-03 13:08:00,0.0,0.0,,0.0,,5.3,9.69,,,,,,,
42HA10,2026-01-04,906.7,1025.6,908.7,2026-01-04 09:29:00,904.8,2026-01-04 15:12:00,9.9,18.4,2026-01-04 13:45:00,3.6,2026-01-04 07:08:00,4.7,73,38,2026-01-04 11:03:00,0.5,170.0,3.7,50.0,2026-01-04 12:22:00,0.0,0.0,,0.0,,5.5,9.68,,,,,,,
42HA10,2026-01-05,905.7,1024.0,907.1,2026-01-05 08:38:00,903.4,2026-01-05 14:42:00,11.0,19.8,2026-01-05 14:27:00,5.1,2026-01-05 07:35:00,5.6,73,31,2026-01-05 14:13:00,0.5,250.0,4.9,20.0,2026-01-05 12:58:00,0.0,0.0,,0.0,,5.5,9.51,,,,,,,
42HA10,2026-01-06,905.5,1023.6,906.4,2026-01-06 07:45:00,904.2,2026-01-06 14:38:00,11.3,19.1,2026-01-06 10:57:00,6.8,2026-01-06 07:23:00,7.1,77,44,2026-01-06 10:59:00,0.8,330.0,5.5,310.0,2026-01-06 15:11:00,0.0,0.0,,0.0,,4.8,5.21,,,,,,,
42HA10,2026-01-07,905.7,1023.5,906.7,2026-01-07 22:24:00,904.5,2026-01-07 14:00:00,12.0,17.6,2026-01-07 11:17:00,6.1,2026-01-07 05:35:00,8.0,77,48,2026-01-07 11:08:00,0.9,130.0,6.2,310.0,2026-01-07 12:55:00,0.0,0.0,,0.0,,4.6,4.69,,,,,,,
42HA10,2026-01-08,906.4,1024.3,907.9,2026-01-08 09:50:00,904.6,2026-01-08 14:53:00,11.9,17.7,2026-01-08 15:06:00,8.6,2026-01-08 20:59:00,6.1,69,36,2026-01-08 14:21:00,0.6,200.0,3.7,360.0,2026-01-08 14:54:00,0.0,0.0,,0.0,,6.7,7.47,,,,,,,
42HA10,2026-01-09,905.6,1023.5,907.0,2026-01-09 09:05:00,903.9,2026-01-09 14:38:00,11.9,16.1,2026-01-09 13:11:00,8.9,2026-01-09 00:11:00,6.0,68,50,2026-01-09 11:31:00,0.6,340.0,4.1,350.0,2026-01-09 15:38:00,0.0,0.0,,0.0,,5.5,5.04,,,,,,,
42HA10,2026-01-10,905.3,1022.7,907.5,2026-01-10 23:59:00,902.8,2026-01-10 14:38:00,12.9,19.8,2026-01-10 11:34:00,8.9,2026-01-10 06:52:00,6.2,65,33,2026-01-10 11:06:00,0.7,350.0,4.0,290.0,2026-01-10 16:18:00,0.0,0.0,,0.0,,5.3,5.98,,,,,,,
42HA10,2026-01-11,906.3,1023.3,907.6,2026-01-11 00:01:00,904.1,2026-01-11 13:50:00,14.0,21.0,2026-01-11 13:32:00,10.1,2026-01-11 04:42:00,6.9,65,32,2026-01-11 11:54:00,0.5,290.0,6.2,350.0,2026-01-11 12:25:00,0.0,0.0,,0.0,,7.4,10.65,,,,,,,
42HA10,2026-01-12,906.1,1023.3,907.8,2026-01-12 08:46:00,904.2,2026-01-12 15:18:00,13.5,17.3,2026-01-12 12:08:00,11.1,2026-01-12 03:52:00,8.3,71,48,2026-01-12 11:23:00,0.6,320.0,4.4,300.0,2026-01-12 16:16:00,0.0,0.0,,0.0,,6.5,6.52,,,,,,,
42HA10,2026-01-13,904.7,1021.6,906.1,2026-01-13 09:04:00,902.4,2026-01-13 14:54:00,13.9,20.6,2026-01-13 14:31:00,9.2,2026-01-13 23:46:00,7.1,66,35,2026-01-13 14:35:00,0.5,210.0,4.6,10.0,2026-01-13 14:57:00,0.0,0.0,,0.0,,7.3,10.08,,,,,,,
42HA10,2026-01-14,904.6,1021.9,906.0,2026-01-14 08:21:00,902.0,2026-01-14 14:18:00,12.9,22.4,2026-01-14 14:05:00,6.3,2026-01-14 06:14:00,5.3,66,24,2026-01-14 14:03:00,0.5,190.0,4.0,240.0,2026-01-14 12:37:00,0.0,0.0,,0.0,,4.9,9.63,,,,,,,
42HA10,2026-01-15,903.3,1019.6,905.7,2026-01-15 00:01:00,900.9,2026-01-15 14:40:00,14.8,20.6,2026-01-15 14:19:00,8.9,2026-01-15 06:37:00,8.3,67,38,2026-01-15 11:21:00,0.6,320.0,4.7,270.0,2026-01-15 11:10:00,0.0,0.0,,0.0,,6.8,8.23,,,,,,,
42HA10,2026-01-16,901.3,1016.9,902.3,2026-01-16 22:14:00,899.2,2026-01-16 13:59:00,15.8,21.2,2026-01-16 14:34:00,12.2,2026-01-16 07:12:00,9.9,68,49,2026-01-16 11:53:00,0.7,330.0,6.5,330.0,2026-01-16 13:20:00,0.0,0.0,,0.0,,7.6,8.84,,,,,,,
42HA10,2026-01-17,899.9,1014.8,901.7,2026-01-17 00:01:00,897.7,2026-01-17 14:37:00,17.1,23.2,2026-01-17 11:51:00,13.5,2026-01-17 06:36:00,11.9,72,46,2026-01-17 12:01:00,0.7,320.0,4.7,220.0,2026-01-17 11:29:00,0.0,0.0,,0.0,,7.5,9.63,,,,,,,
42HA10,2026-01-18,899.7,1014.8,901.1,2026-01-18 23:03:00,897.9,2026-01-18 13:30:00,16.6,24.1,2026-01-18 13:08:00,11.9,2026-01-18 23:59:00,11.4,72,44,2026-01-18 13:07:00,0.6,240.0,4.5,10.0,2026-01-18 10:44:00,0.0,0.0,,0.0,,6.8,7.50,,,,,,,
42HA10,2026-01-19,900.4,1016.3,901.7,2026-01-19 07:29:00,898.2,2026-01-19 12:59:00,14.7,24.5,2026-01-19 12:25:00,9.1,2026-01-19 07:03:00,7.9,68,23,2026-01-19 12:26:00,0.6,120.0,5.7,260.0,2026-01-19 14:49:00,0.0,0.0,,0.0,,5.1,9.33,,,,,,,
42HA10,2026-01-20,902.1,1018.6,903.5,2026-01-20 08:50:00,899.8,2026-01-20 13:45:00,14.0,21.9,2026-01-20 13:15:00,8.1,2026-01-20 06:44:00,7.0,65,29,2026-01-20 11:40:00,0.7,310.0,5.9,340.0,2026-01-20 12:29:00,0.0,0.0,,0.0,,5.8,9.98,,,,,,,
42HA10,2026-01-21,904.2,1021.1,905.8,2026-01-21 23:36:00,902.8,2026-01-21 14:51:00,13.6,19.8,2026-01-21 11:08:00,9.3,2026-01-21 07:19:00,7.9,69,45,2026-01-21 10:58:00,0.8,320.0,5.2,260.0,2026-01-21 13:08:00,0.0,0.0,,0.0,,7.6,10.73,,,,,,,
42HA10,2026-01-22,906.3,1024.2,907.6,2026-01-22 21:08:00,904.5,2026-01-22 14:57:00,12.0,14.9,2026-01-22 11:46:00,10.7,2026-01-22 06:28:00,8.6,79,65,2026-01-22 11:49:00,0.8,340.0,4.6,290.0,2026-01-22 12:31:00,0.0,0.0,,0.0,,3.6,4.31,,,,,,,
42HA10,2026-01-23,907.2,1024.6,908.8,2026-01-23 09:10:00,905.2,2026-01-23 13:54:00,13.5,20.6,2026-01-23 13:54:00,10.0,2026-01-23 04:24:00,8.5,74,37,2026-01-23 11:48:00,0.7,130.0,5.7,350.0,2026-01-23 12:14:00,0.0,0.0,,0.0,,6.4,10.26,,,,,,,
42HA10,2026-01-24,907.0,1024.2,908.9,2026-01-24 08:24:00,904.9,2026-01-24 15:04:00,14.0,21.2,2026-01-24 13:42:00,9.8,2026-01-24 23:56:00,7.4,68,31,2026-01-24 13:44:00,0.6,130.0,5.9,210.0,2026-01-24 14:58:00,0.0,0.0,,0.0,,7.2,9.93,,,,,,,
42HA10,2026-01-25,906.9,1023.7,908.3,2026-01-25 08:43:00,904.9,2026-01-25 13:36:00,14.7,23.8,2026-01-25 11:58:00,9.1,2026-01-25 01:59:00,8.8,70,32,2026-01-25 12:00:00,0.5,140.0,4.8,260.0,2026-01-25 11:29:00,0.0,0.0,,0.0,,7.4,9.49,,,,,,,
42HA10,2026-01-26,906.5,1022.8,907.6,2026-01-26 09:18:00,904.7,2026-01-26 14:13:00,15.8,20.4,2026-01-26 12:15:00,12.8,2026-01-26 06:26:00,10.6,72,49,2026-01-26 14:57:00,0.6,340.0,3.9,350.0,2026-01-26 12:02:00,0.0,0.0,,0.0,,7.9,9.01,,,,,,,
42HA10,2026-01-27,905.7,1021.8,906.9,2026-01-27 09:11:00,903.9,2026-01-27 13:11:00,16.0,21.1,2026-01-27 12:56:00,12.4,2026-01-27 06:08:00,10.7,72,49,2026-01-27 13:40:00,0.7,290.0,6.1,350.0,2026-01-27 11:01:00,0.0,0.0,,0.0,,7.4,9.34,,,,,,,
42HA10,2026-01-28,905.9,1022.3,907.8,2026-01-28 08:55:00,903.1,2026-01-28 15:00:00,15.3,22.4,2026-01-28 13:59:00,10.8,2026-01-28 23:59:00,9.7,72,36,2026-01-28 13:03:00,0.6,230.0,4.9,360.0,2026-01-28 12:13:00,1.0,0.5,2026-01-28 02:14:00,0.5,2026-01-28 01:24:00,7.2,13.66,,,,,,,
42HA10,2026-01-29,906.6,1023.0,908.5,2026-01-29 08:47:00,904.7,2026-01-29 14:27:00,15.7,23.2,2026-01-29 13:53:00,9.5,2026-01-29 02:28:00,8.1,64,32,2026-01-29 12:19:00,0.6,120.0,4.8,40.0,2026-01-29 12:01:00,0.0,0.0,,0.0,,7.4,12.45,,,,,,,
42HA10,2026-01-30,907.5,1024.4,909.4,2026-01-30 09:12:00,905.7,2026-01-30 15:31:00,14.6,18.6,2026-01-30 15:21:00,12.7,2026-01-30 06:51:00,12.3,86,65,2026-01-30 15:46:00,0.5,220.0,3.5,210.0,2026-01-30 02:17:00,7.0,1.0,2026-01-30 08:38:00,2.0,2026-01-30 06:28:00,6.8,6.83,,,,,,,
42HA10,2026-01-31,906.6,1022.7,908.3,2026-01-31 08:55:00,904.6,2026-01-31 15:22:00,16.3,22.1,2026-01-31 11:46:00,12.6,2026-01-31 06:20:00,12.4,78,51,2026-01-31 11:47:00,0.5,220.0,4.2,230.0,2026-01-31 10:20:00,0.0,0.0,,0.0,,7.6,10.25,,,,,,,
42HA10,2026-02-01,907.0,1023.6,908.4,2026-02-01 22:58:00,905.5,2026-02-01 14:21:00,15.1,19.8,2026-02-01 12:12:00,13.3,2026-02-01 23:33:00,12.7,86,60,2026-02-01 12:47:00,0.5,150.0,4.6,270.0,2026-02-01 13:22:00,9.5,2.0,2026-02-01 16:06:00,3.5,2026-02-01 15:46:00,5.6,5.31,,,,,,,
42HA10,2026-02-02,908.4,1025.5,910.3,2026-02-02 08:40:00,906.4,2026-02-02 15:41:00,14.4,19.6,2026-02-02 14:50:00,11.7,2026-02-02 07:04:00,11.2,82,51,2026-02-02 15:44:00,0.4,120.0,3.4,240.0,2026-02-02 14:41:00,7.5,1.0,2026-02-02 03:07:00,2.5,2026-02-02 03:06:00,7.3,7.59,,,,,,,
42HA10,2026-02-03,908.4,1025.0,910.0,2026-02-03 08:34:00,906.9,2026-02-03 14:32:00,15.5,21.4,2026-02-03 13:33:00,11.3,2026-02-03 06:40:00,10.5,73,46,2026-02-03 12:54:00,0.6,130.0,4.9,130.0,2026-02-03 14:13:00,0.0,0.0,,0.0,,7.5,11.63,,,,,,,
42HA10,2026-02-04,906.2,1022.3,908.4,2026-02-04 08:36:00,903.7,2026-02-04 15:38:00,16.3,23.2,2026-02-04 15:05:00,11.9,2026-02-04 06:17:00,9.9,68,38,2026-02-04 15:06:00,0.6,330.0,5.4,310.0,2026-02-04 12:06:00,0.0,0.0,,0.0,,8.0,14.99,,,,,,,
42HA10,2026-02-05,904.6,1020.2,906.2,2026-02-05 06:45:00,902.4,2026-02-05 15:43:00,17.0,25.0,2026-02-05 13:02:00,11.7,2026-02-05 06:34:00,11.9,74,43,2026-02-05 11:38:00,0.7,200.0,5.0,310.0,2026-02-05 13:08:00,0.0,0.0,,0.0,,7.5,15.21,,,,,,,
42HA10,2026-02-06,903.6,1019.0,905.3,2026-02-06 08:09:00,901.1,2026-02-06 15:21:00,16.9,24.5,2026-02-06 11:26:00,11.9,2026-02-06 04:46:00,12.1,74,43,2026-02-06 11:09:00,0.7,280.0,5.3,340.0,2026-02-06 12:22:00,0.0,0.0,,0.0,,7.3,11.52,,,,,,,
42HA10,2026-02-07,903.8,1019.1,905.7,2026-02-07 22:25:00,901.2,2026-02-07 13:40:00,17.4,23.7,2026-02-07 11:20:00,13.1,2026-02-07 07:51:00,12.2,73,47,2026-02-07 11:17:00,0.8,190.0,6.2,260.0,2026-02-07 15:38:00,0.0,0.0,,0.0,,7.2,15.98,,,,,,,
42HA10,2026-02-08,906.5,1023.8,908.0,2026-02-08 22:00:00,904.6,2026-02-08 03:44:00,13.5,19.9,2026-02-08 10:43:00,9.5,2026-02-08 21:37:00,9.7,78,48,2026-02-08 10:43:00,0.8,190.0,6.1,310.0,2026-02-08 11:22:00,0.0,0.0,,0.0,,4.9,7.95,,,,,,,
42HA10,2026-02-09,906.2,1023.8,907.9,2026-02-09 09:01:00,903.9,2026-02-09 14:51:00,12.6,18.8,2026-02-09 12:01:00,9.3,2026-02-09 01:49:00,7.5,72,45,2026-02-09 12:03:00,0.7,320.0,5.3,300.0,2026-02-09 16:31:00,0.0,0.0,,0.0,,7.4,12.86,,,,,,,
42HA10,2026-02-10,906.7,1024.1,908.0,2026-02-10 04:41:00,904.4,2026-02-10 14:07:00,13.3,20.7,2026-02-10 14:13:00,7.7,2026-02-10 06:51:00,8.0,72,40,2026-02-10 10:53:00,0.6,190.0,5.8,300.0,2026-02-10 12:18:00,0.0,0.0,,0.0,,7.5,16.95,,,,,,,
42HA10,2026-02-11,908.1,1027.1,908.4,2026-02-11 08:50:00,905.1,2026-02-11 15:15:00,9.9,22.2,2026-02-11 14:39:00,8.5,2026-02-11 04:57:00,7.8,86,41,2026-02-11 14:43:00,0.4,240.0,5.8,350.0,2026-02-11 10:59:00,0.0,0.0,,0.0,,0.0,0.00,,,,,,,
42HA10,2026-02-12,906.2,1022.7,907.9,2026-02-12 08:49:00,904.1,2026-02-12 14:58:00,15.3,23.1,2026-02-12 15:38:00,9.5,2026-02-12 04:20:00,9.0,69,36,2026-02-12 12:57:00,0.6,150.0,5.3,250.0,2026-02-12 15:49:00,0.0,0.0,,0.0,,8.3,16.95,,,,,,,
42HA10,2026-02-13,904.8,1021.0,906.3,2026-02-13 00:08:00,902.6,2026-02-13 15:00:00,15.7,25.0,2026-02-13 11:41:00,8.8,2026-02-13 06:47:00,8.1,65,27,2026-02-13 12:33:00,0.6,220.0,5.4,240.0,2026-02-13 15:26:00,0.0,0.0,,0.0,,7.5,17.80,,,,,,,
42HA10,2026-02-14,904.4,1020.1,905.9,2026-02-14 08:37:00,902.1,2026-02-14 15:16:00,16.5,25.8,2026-02-14 12:51:00,9.5,2026-02-14 06:46:00,9.7,68,30,2026-02-14 13:15:00,0.6,260.0,7.0,90.0,2026-02-14 14:20:00,0.0,0.0,,0.0,,7.9,18.32,,,,,,,
42HA10,2026-02-15,904.5,1019.9,906.3,2026-02-15 08:48:00,902.2,2026-02-15 15:14:00,17.4,25.8,2026-02-15 11:58:00,10.5,2026-02-15 06:22:00,10.6,68,34,2026-02-15 14:02:00,0.6,290.0,4.8,110.0,2026-02-15 14:09:00,0.0,0.0,,0.0,,7.8,18.85,,,,,,,
42HA10,2026-02-16,903.8,1019.1,905.5,2026-02-16 09:19:00,901.4,2026-02-16 15:21:00,17.3,25.4,2026-02-16 10:50:00,11.3,2026-02-16 06:41:00,10.7,68,32,2026-02-16 12:28:00,0.5,220.0,5.4,220.0,2026-02-16 17:10:00,0.0,0.0,,0.0,,7.9,18.79,,,,,,,
42HA10,2026-02-17,904.8,1020.7,906.1,2026-02-17 21:42:00,903.3,2026-02-17 15:06:00,16.2,22.4,2026-02-17 15:26:00,10.9,2026-02-17 04:44:00,10.4,70,44,2026-02-17 12:50:00,0.7,330.0,4.8,20.0,2026-02-17 15:38:00,0.0,0.0,,0.0,,6.6,9.49,,,,,,,
42HA10,2026-02-18,906.2,1022.0,907.7,2026-02-18 09:27:00,904.4,2026-02-18 15:24:00,16.8,22.6,2026-02-18 15:47:00,14.1,2026-02-18 23:00:00,11.8,73,46,2026-02-18 15:46:00,0.9,330.0,5.0,350.0,2026-02-18 15:15:00,0.0,0.0,,0.0,,7.0,11.44,,,,,,,
42HA10,2026-02-19,907.3,1023.6,909.2,2026-02-19 08:29:00,904.9,2026-02-19 14:32:00,15.8,22.5,2026-02-19 13:49:00,11.7,2026-02-19 06:44:00,9.6,68,41,2026-02-19 13:34:00,0.7,110.0,5.5,310.0,2026-02-19 14:02:00,0.0,0.0,,0.0,,7.8,16.55,,,,,,,
42HA10,2026-02-20,905.1,1021.7,908.1,2026-02-20 00:10:00,902.4,2026-02-20 15:43:00,14.6,20.2,2026-02-20 14:09:00,11.4,2026-02-20 23:18:00,10.2,76,50,2026-02-20 14:35:00,0.7,350.0,5.7,340.0,2026-02-20 14:27:00,0.0,0.0,,0.0,,7.1,10.44,,,,,,,
42HA10,2026-02-21,901.1,1016.7,903.7,2026-02-21 00:01:00,898.2,2026-02-21 15:16:00,15.6,23.7,2026-02-21 12:43:00,9.5,2026-02-21 06:45:00,9.6,71,35,2026-02-21 11:29:00,0.6,140.0,4.8,230.0,2026-02-21 15:18:00,0.0,0.0,,0.0,,8.3,20.08,,,,,,,
42HA10,2026-02-22,900.8,1016.1,902.7,2026-02-22 08:19:00,898.3,2026-02-22 15:12:00,16.5,26.4,2026-02-22 12:14:00,9.1,2026-02-22 06:53:00,8.9,69,,,0.6,210.0,4.4,230.0,2026-02-22 16:05:00,0.0,0.0,,0.0,,7.9,20.37,,,,,,,
42HA10,2026-02-23,901.7,1016.4,903.3,2026-02-23 22:15:00,900.3,2026-02-23 14:32:00,18.0,26.1,2026-02-23 12:08:00,11.3,2026-02-23 06:13:00,11.3,68,36,2026-02-23 12:08:00,0.6,250.0,4.6,120.0,2026-02-23 16:12:00,0.0,0.0,,0.0,,8.3,18.59,,,,,,,
42HA10,2026-02-24,902.3,1017.0,904.0,2026-02-24 21:29:00,900.9,2026-02-24 15:22:00,18.2,25.2,2026-02-24 12:48:00,13.4,2026-02-24 07:19:00,12.5,71,40,2026-02-24 11:03:00,0.7,290.0,5.1,310.0,2026-02-24 16:51:00,0.0,0.0,,0.0,,7.4,11.48,,,,,,,
42HA10,2026-02-25,902.4,1016.6,903.8,2026-02-25 06:31:00,900.0,2026-02-25 13:53:00,19.5,26.0,2026-02-25 10:56:00,14.8,2026-02-25 06:41:00,14.0,72,45,2026-02-25 11:01:00,0.6,210.0,5.0,210.0,2026-02-25 15:23:00,0.0,0.0,,0.0,,8.5,16.43,,,,,,,
42HA10,2026-02-26,900.3,1014.2,903.1,2026-02-26 00:01:00,897.8,2026-02-26 15:49:00,19.6,25.9,2026-02-26 14:13:00,14.8,2026-02-26 07:10:00,14.4,73,45,2026-02-26 12:32:00,0.8,310.0,5.4,350.0,2026-02-26 12:48:00,0.0,0.0,,0.0,,8.4,16.63,,,,,,,
42HA10,2026-02-27,899.6,1014.4,901.6,2026-02-27 08:57:00,897.2,2026-02-27 15:39:00,17.1,18.9,2026-02-27 15:42:00,15.8,2026-02-27 23:49:00,15.2,89,79,2026-02-27 15:15:00,0.5,150.0,3.2,350.0,2026-02-27 09:44:00,5.0,1.0,2026-02-27 12:08:00,3.0,2026-02-27 11:43:00,4.3,4.35,,,,,,,
42HA10,2026-02-28,900.8,1015.9,902.8,2026-02-28 09:56:00,899.1,2026-02-28 14:39:00,16.8,21.5,2026-02-28 14:17:00,15.0,2026-02-28 06:32:00,14.5,87,59,2026-02-28 14:19:00,0.5,130.0,4.8,300.0,2026-02-28 01:32:00,11.0,1.5,2026-02-28 19:56:00,4.0,2026-02-28 19:33:00,6.1,7.49,,,,,,,
42HA10,2026-03-01,899.7,1013.9,901.4,2026-03-01 00:11:00,897.7,2026-03-01 15:06:00,18.6,23.9,2026-03-01 13:46:00,15.2,2026-03-01 03:00:00,15.9,85,60,2026-03-01 14:00:00,0.8,340.0,6.8,340.0,2026-03-01 14:10:00,1.5,0.5,2026-03-01 00:03:00,1.0,2026-03-01 23:59:00,6.7,8.07,,,,,,,
42HA10,2026-03-02,900.6,1014.6,901.7,2026-03-02 08:53:00,899.4,2026-03-02 15:37:00,19.6,24.1,2026-03-02 10:45:00,16.5,2026-03-02 07:07:00,16.2,81,57,2026-03-02 10:34:00,0.7,360.0,4.7,320.0,2026-03-02 09:25:00,0.5,0.5,2026-03-02 00:54:00,0.5,2026-03-02 00:04:00,7.0,8.92,,,,,,,
42HA10,2026-03-03,901.4,1016.8,903.3,2026-03-03 21:15:00,899.7,2026-03-03 03:33:00,16.4,17.6,2026-03-03 15:07:00,15.6,2026-03-03 07:34:00,15.4,93,91,2026-03-03 05:09:00,0.5,160.0,4.0,300.0,2026-03-03 06:32:00,52.5,3.5,2026-03-03 09:12:00,12.5,2026-03-03 08:24:00,1.7,2.52,,,,,,,
42HA10,2026-03-04,902.3,1017.5,903.6,2026-03-04 09:19:00,901.0,2026-03-04 17:07:00,17.2,19.9,2026-03-04 14:16:00,15.5,2026-03-04 23:59:00,14.8,86,67,2026-03-04 16:02:00,0.5,240.0,3.9,300.0,2026-03-04 13:20:00,7.0,2.5,2026-03-04 23:44:00,5.5,2026-03-04 22:59:00,7.1,7.40,,,,,,,
42HA10,2026-03-05,902.3,1018.3,903.6,2026-03-05 23:02:00,901.3,2026-03-05 03:35:00,15.3,20.2,2026-03-05 11:39:00,12.1,2026-03-05 23:18:00,13.5,89,61,2026-03-05 11:50:00,0.5,190.0,3.1,320.0,2026-03-05 12:28:00,8.5,1.5,2026-03-05 01:27:00,4.0,2026-03-05 01:15:00,6.0,6.98,,,,,,,
42HA10,2026-03-06,902.6,1017.9,904.7,2026-03-06 23:57:00,899.7,2026-03-06 14:48:00,17.2,25.4,2026-03-06 14:37:00,11.0,2026-03-06 07:09:00,12.0,74,39,2026-03-06 14:24:00,0.7,320.0,4.3,220.0,2026-03-06 15:54:00,0.0,0.0,,0.0,,8.2,22.00,,,,,,,
42HA10,2026-03-07,904.7,1019.9,906.5,2026-03-07 08:27:00,902.7,2026-03-07 16:04:00,17.7,25.7,2026-03-07 13:52:00,11.7,2026-03-07 05:34:00,11.4,70,38,2026-03-07 13:34:00,0.7,220.0,6.1,340.0,2026-03-07 15:48:00,0.0,0.0,,0.0,,8.2,21.77,,,,,,,
42HA10,2026-03-08,906.0,1021.7,907.5,2026-03-08 07:54:00,904.3,2026-03-08 14:45:00,16.9,24.5,2026-03-08 10:45:00,10.6,2026-03-08 06:11:00,10.3,68,38,2026-03-08 10:49:00,0.6,220.0,7.8,330.0,2026-03-08 11:10:00,0.0,0.0,,0.0,,8.3,21.07,,,,,,,
42HA10,2026-03-09,906.7,1023.0,908.3,2026-03-09 07:58:00,904.7,2026-03-09 14:12:00,15.6,22.7,2026-03-09 12:44:00,10.0,2026-03-09 06:13:00,10.7,74,43,2026-03-09 10:43:00,0.7,130.0,8.8,270.0,2026-03-09 11:50:00,0.0,0.0,,0.0,,7.0,14.01,,,,,,,
42HA10,2026-03-10,905.8,1023.2,906.9,2026-03-10 09:21:00,904.6,2026-03-10 14:49:00,12.7,13.9,2026-03-10 00:40:00,11.6,2026-03-10 23:13:00,11.2,90,82,2026-03-10 02:19:00,0.5,170.0,3.5,300.0,2026-03-10 04:15:00,21.0,1.5,2026-03-10 10:51:00,4.5,2026-03-10 11:25:00,0.0,0.85,,,,,,,
42HA10,2026-03-11,904.2,1020.3,905.8,2026-03-11 00:01:00,902.0,2026-03-11 14:42:00,15.4,22.2,2026-03-11 13:57:00,11.4,2026-03-11 23:59:00,10.7,76,44,2026-03-11 13:40:00,0.6,240.0,8.4,270.0,2026-03-11 13:07:00,0.0,0.0,,0.0,,8.5,21.31,,,,,,,
42HA10,2026-03-12,904.7,1021.3,906.1,2026-03-12 22:57:00,902.7,2026-03-12 15:36:00,14.4,22.5,2026-03-12 13:55:00,8.7,2026-03-12 23:55:00,8.0,69,34,2026-03-12 14:27:00,0.7,200.0,8.4,260.0,2026-03-12 10:57:00,0.0,0.0,,0.0,,8.1,22.40,,,,,,,
42HA10,2026-03-13,906.2,1023.8,908.1,2026-03-13 23:14:00,904.6,2026-03-13 15:17:00,12.6,21.1,2026-03-13 11:13:00,5.1,2026-03-13 06:39:00,5.4,65,31,2026-03-13 09:36:00,0.7,190.0,9.8,260.0,2026-03-13 14:14:00,0.0,0.0,,0.0,,8.3,23.26,,,,,,,
42HA10,2026-03-14,908.0,1025.8,909.4,2026-03-14 08:18:00,906.4,2026-03-14 15:08:00,12.9,22.3,2026-03-14 14:27:00,4.5,2026-03-14 06:26:00,5.8,66,26,2026-03-14 10:36:00,0.6,190.0,8.6,260.0,2026-03-14 13:41:00,0.0,0.0,,0.0,,8.3,23.39,,,,,,,
42HA10,2026-03-15,907.3,1024.4,909.0,2026-03-15 08:17:00,905.4,2026-03-15 14:45:00,14.3,21.6,2026-03-15 14:28:00,7.3,2026-03-15 06:19:00,8.9,72,45,2026-03-15 14:29:00,0.8,260.0,9.1,270.0,2026-03-15 12:49:00,0.0,0.0,,0.0,,9.2,22.82,,,,,,,
42HA10,2026-03-16,905.5,1021.7,907.4,2026-03-16 00:37:00,903.1,2026-03-16 15:21:00,15.8,22.5,2026-03-16 14:19:00,9.5,2026-03-16 06:25:00,9.5,67,44,2026-03-16 14:19:00,0.8,220.0,9.3,270.0,2026-03-16 12:19:00,0.0,0.0,,0.0,,9.1,23.17,,,,,,,
42HA10,2026-03-17,904.7,1020.6,905.8,2026-03-17 00:01:00,902.2,2026-03-17 16:05:00,16.1,23.4,2026-03-17 13:49:00,10.0,2026-03-17 06:48:00,9.5,67,39,2026-03-17 13:23:00,0.7,220.0,7.8,270.0,2026-03-17 12:22:00,0.0,0.0,,0.0,,8.4,22.46,,,,,,,
42HA10,2026-03-18,903.9,1019.4,905.5,2026-03-18 09:16:00,901.4,2026-03-18 15:31:00,16.9,25.2,2026-03-18 13:55:00,9.7,2026-03-18 06:48:00,10.3,69,35,2026-03-18 13:42:00,0.7,220.0,7.0,270.0,2026-03-18 11:19:00,0.0,0.0,,0.0,,8.4,23.08,,,,,,,
42HA10,2026-03-19,903.1,1018.1,904.6,2026-03-19 00:12:00,900.5,2026-03-19 14:07:00,17.7,25.7,2026-03-19 12:11:00,11.2,2026-03-19 06:35:00,12.4,74,36,2026-03-19 11:08:00,0.6,140.0,6.6,260.0,2026-03-19 13:28:00,0.0,0.0,,0.0,,8.6,19.91,,,,,,,
42HA10,2026-03-20,903.6,1018.2,905.7,2026-03-20 22:24:00,902.0,2026-03-20 13:59:00,18.8,27.0,2026-03-20 13:16:00,12.9,2026-03-20 06:14:00,13.1,72,37,2026-03-20 13:14:00,0.6,210.0,6.2,270.0,2026-03-20 11:55:00,0.0,0.0,,0.0,,9.0,22.03,,,,,,,
42HA10,2026-03-21,904.5,1019.6,906.0,2026-03-21 08:57:00,903.1,2026-03-21 14:36:00,18.1,25.4,2026-03-21 11:00:00,12.2,2026-03-21 06:14:00,12.7,72,43,2026-03-21 12:19:00,0.7,330.0,6.5,330.0,2026-03-21 11:51:00,0.0,0.0,,0.0,,8.6,18.65,,,,,,,
42HA10,2026-03-22,903.8,1018.3,905.1,2026-03-22 23:22:00,902.0,2026-03-22 14:36:00,19.2,26.7,2026-03-22 12:43:00,13.3,2026-03-22 06:17:00,13.0,70,40,2026-03-22 10:37:00,0.7,220.0,7.1,300.0,2026-03-22 12:57:00,0.0,0.0,,0.0,,9.1,22.61,,,,,,,
42HA10,2026-03-23,903.1,1017.6,904.9,2026-03-23 00:01:00,900.9,2026-03-23 14:55:00,18.9,27.6,2026-03-23 13:58:00,12.4,2026-03-23 05:39:00,13.3,73,40,2026-03-23 13:06:00,0.6,220.0,6.6,80.0,2026-03-23 14:08:00,0.0,0.0,,0.0,,9.3,22.19,,,,,,,
42HA10,2026-03-24,903.2,1019.0,903.4,2026-03-24 00:01:00,899.0,2026-03-24 16:18:00,15.9,27.3,2026-03-24 13:14:00,13.5,2026-03-24 06:11:00,14.4,90,42,2026-03-24 11:03:00,0.0,0.0,7.6,330.0,2026-03-24 11:48:00,0.0,0.0,,0.0,,0.0,0.00,,,,,,,
42HA10,2026-03-25,901.7,1015.2,902.9,2026-03-25 20:46:00,900.1,2026-03-25 14:39:00,20.9,28.2,2026-03-25 12:12:00,15.8,2026-03-25 06:39:00,14.5,69,35,2026-03-25 12:12:00,0.6,10.0,6.2,300.0,2026-03-25 14:06:00,0.0,0.0,,0.0,,8.7,22.59,,,,,,,
42HA10,2026-03-26,901.4,1015.6,902.7,2026-03-26 22:00:00,899.3,2026-03-26 14:47:00,19.3,26.9,2026-03-26 13:46:00,14.4,2026-03-26 06:26:00,14.5,76,44,2026-03-26 13:54:00,0.6,260.0,6.2,190.0,2026-03-26 12:10:00,0.0,0.0,,0.0,,8.3,18.77,,,,,,,
42HA10,2026-03-27,900.9,1015.0,902.6,2026-03-27 08:22:00,899.0,2026-03-27 16:11:00,19.1,23.3,2026-03-27 14:00:00,15.5,2026-03-27 23:47:00,15.3,79,58,2026-03-27 14:03:00,0.6,210.0,7.9,340.0,2026-03-27 11:22:00,0.0,0.0,,0.0,,8.3,10.21,,,,,,,
42HA10,2026-03-28,900.9,1015.3,902.7,2026-03-28 08:40:00,899.2,2026-03-28 15:42:00,18.6,23.7,2026-03-28 13:26:00,15.1,2026-03-28 03:12:00,15.1,80,58,2026-03-28 13:26:00,0.7,330.0,8.1,340.0,2026-03-28 13:18:00,0.5,0.5,2026-03-28 23:23:00,0.5,2026-03-28 22:33:00,6.4,8.89,,,,,,,
42HA10,2026-03-29,901.0,1015.4,902.7,2026-03-29 09:21:00,898.9,2026-03-29 16:11:00,18.5,24.5,2026-03-29 15:32:00,15.6,2026-03-29 23:44:00,15.8,85,57,2026-03-29 15:33:00,0.5,340.0,4.4,330.0,2026-03-29 14:09:00,5.5,1.0,2026-03-29 00:12:00,2.5,2026-03-29 00:03:00,6.7,9.06,,,,,,,
42HA10,2026-03-30,901.5,1015.6,903.2,2026-03-30 22:17:00,899.7,2026-03-30 13:59:00,19.5,29.4,2026-03-30 11:39:00,14.3,2026-03-30 05:57:00,15.0,78,37,2026-03-30 11:59:00,0.6,200.0,5.3,250.0,2026-03-30 13:07:00,5.5,1.5,2026-03-30 16:30:00,4.0,2026-03-30 16:38:00,8.4,20.30,,,,,,,
42HA10,2026-03-31,901.2,1015.1,903.0,2026-03-31 23:51:00,898.6,2026-03-31 15:27:00,20.0,29.2,2026-03-31 13:19:00,13.1,2026-03-31 06:01:00,13.0,69,25,2026-03-31 12:13:00,0.7,210.0,7.0,300.0,2026-03-31 13:48:00,0.0,0.0,,0.0,,8.7,21.86,,,,,,,
42HA10,2026-04-01,902.3,1017.2,903.9,2026-04-01 23:21:00,900.9,2026-04-01 03:24:00,17.8,21.6,2026-04-01 16:35:00,15.0,2026-04-01 23:58:00,14.4,81,63,2026-04-01 16:38:00,0.5,310.0,5.0,340.0,2026-04-01 13:50:00,2.0,1.5,2026-04-01 09:43:00,2.0,2026-04-01 09:02:00,6.2,6.56,,,,,,,
42HA10,2026-04-02,902.8,1017.3,904.9,2026-04-02 09:54:00,900.3,2026-04-02 15:46:00,19.0,27.3,2026-04-02 13:32:00,11.2,2026-04-02 07:05:00,13.2,72,31,2026-04-02 10:54:00,0.5,330.0,5.6,330.0,2026-04-02 12:56:00,0.0,0.0,,0.0,,8.8,20.66,,,,,,,
42HA10,2026-04-03,899.5,1013.3,902.3,2026-04-03 00:03:00,896.7,2026-04-03 15:48:00,19.4,25.6,2026-04-03 14:07:00,16.4,2026-04-03 04:21:00,16.4,83,53,2026-04-03 14:08:00,0.6,260.0,7.1,340.0,2026-04-03 14:27:00,3.5,1.0,2026-04-03 03:36:00,3.0,2026-04-03 03:09:00,5.2,8.13,,,,,,,
42HA10,2026-04-04,898.2,1013.1,900.6,2026-04-04 21:24:00,896.9,2026-04-04 16:23:00,16.4,18.0,2026-04-04 16:19:00,15.4,2026-04-04 23:52:00,15.3,93,87,2026-04-04 16:25:00,0.5,310.0,3.8,310.0,2026-04-04 15:45:00,38.0,3.5,2026-04-04 09:55:00,9.5,2026-04-04 18:42:00,1.4,2.40,,,,,,,
42HA10,2026-04-05,899.9,1014.0,901.4,2026-04-05 10:03:00,897.9,2026-04-05 14:28:00,19.0,26.3,2026-04-05 15:15:00,15.2,2026-04-05 01:04:00,15.8,83,56,2026-04-05 15:17:00,0.6,330.0,7.6,330.0,2026-04-05 13:05:00,1.0,0.5,2026-04-05 00:10:00,0.5,2026-04-05 23:59:00,8.1,15.36,,,,,,,
42HA10,2026-04-06,900.2,1015.0,902.1,2026-04-06 10:54:00,898.3,2026-04-06 02:51:00,17.3,18.5,2026-04-06 17:03:00,16.4,2026-04-06 22:53:00,16.3,93,91,2026-04-06 00:39:00,0.5,190.0,4.0,320.0,2026-04-06 12:00:00,31.5,4.0,2026-04-06 10:14:00,12.5,2026-04-06 10:03:00,0.8,1.82,,,,,,,
42HA10,2026-04-07,901.4,1016.4,902.8,2026-04-07 21:36:00,899.9,2026-04-07 16:25:00,17.2,19.5,2026-04-07 12:23:00,16.1,2026-04-07 07:05:00,15.7,91,78,2026-04-07 13:32:00,0.5,310.0,2.8,310.0,2026-04-07 22:49:00,14.0,2.5,2026-04-07 18:36:00,6.0,2026-04-07 16:29:00,2.3,3.06,,,,,,,
42HA10,2026-04-08,902.8,1017.3,,,,,18.9,,,,,17.9,94,,,0.4,320.0,,,,16.0,,,,,1.2,2.70,,,,,,,
42HA10,2026-04-09,902.0,1015.4,903.8,2026-04-09 00:01:00,900.0,2026-04-09 16:27:00,21.1,28.0,2026-04-09 13:58:00,16.7,2026-04-09 23:59:00,17.8,82,55,2026-04-09 12:46:00,0.7,320.0,5.1,330.0,2026-04-09 16:10:00,0.0,0.0,,0.0,,9.1,20.15,,,,,,,
42HA10,2026-04-10,901.7,1015.5,903.3,2026-04-10 08:43:00,900.1,2026-04-10 16:16:00,20.2,30.1,2026-04-10 12:42:00,13.3,2026-04-10 06:30:00,14.4,72,37,2026-04-10 12:39:00,0.6,340.0,5.6,300.0,2026-04-10 12:45:00,0.0,0.0,,0.0,,7.8,19.55,,,,,,,
42HA10,2026-04-11,901.1,1014.5,902.4,2026-04-11 00:01:00,899.4,2026-04-11 16:29:00,21.0,28.9,2026-04-11 12:28:00,15.5,2026-04-11 04:27:00,15.8,75,38,2026-04-11 12:31:00,0.5,230.0,6.3,350.0,2026-04-11 16:31:00,0.0,0.0,,0.0,,9.1,17.74,,,,,,,
42HA10,2026-04-12,901.3,1014.8,903.1,2026-04-12 22:53:00,899.6,2026-04-12 14:15:00,21.0,29.7,2026-04-12 12:37:00,13.6,2026-04-12 07:17:00,13.7,69,20,2026-04-12 10:55:00,0.6,340.0,6.2,250.0,2026-04-12 16:11:00,0.0,0.0,,0.0,,9.4,25.21,,,,,,,
42HA10,2026-04-13,902.3,1015.8,903.9,2026-04-13 08:15:00,900.5,2026-04-13 14:40:00,21.3,29.3,2026-04-13 14:12:00,14.0,2026-04-13 06:00:00,15.1,71,35,2026-04-13 10:38:00,0.6,340.0,6.5,250.0,2026-04-13 16:07:00,0.0,0.0,,0.0,,8.7,24.41,,,,,,,
42HA10,2026-04-14,901.7,1015.6,903.3,2026-04-14 08:17:00,899.8,2026-04-14 15:52:00,20.1,28.2,2026-04-14 12:44:00,12.8,2026-04-14 05:59:00,14.2,71,36,2026-04-14 10:41:00,0.6,260.0,5.1,80.0,2026-04-14 13:29:00,0.0,0.0,,0.0,,9.2,23.61,,,,,,,
42HA10,2026-04-15,900.7,1014.2,902.5,2026-04-15 23:29:00,898.8,2026-04-15 14:27:00,20.7,28.6,2026-04-15 12:35:00,14.1,2026-04-15 05:41:00,15.9,76,41,2026-04-15 12:26:00,0.5,340.0,5.3,330.0,2026-04-15 12:25:00,0.0,0.0,,0.0,,8.7,18.20,,,,,,,
42HA10,2026-04-16,901.1,1014.3,902.7,2026-04-16 22:22:00,900.2,2026-04-16 17:14:00,21.3,28.0,2026-04-16 10:42:00,17.3,2026-04-16 06:21:00,17.7,80,48,2026-04-16 10:38:00,0.6,340.0,5.3,340.0,2026-04-16 11:43:00,0.0,0.0,,0.0,,8.2,14.42,,,,,,,
42HA10,2026-04-17,900.9,1014.3,902.2,2026-04-17 21:35:00,899.1,2026-04-17 14:41:00,21.2,28.6,2026-04-17 11:42:00,14.8,2026-04-17 06:16:00,15.4,72,34,2026-04-17 11:43:00,0.5,340.0,6.0,330.0,2026-04-17 13:49:00,0.0,0.0,,0.0,,9.4,21.20,,,,,,,
42HA10,2026-04-18,900.6,1014.3,901.6,2026-04-18 00:01:00,899.6,2026-04-18 13:36:00,20.1,26.0,2026-04-18 12:20:00,15.8,2026-04-18 06:09:00,16.1,79,51,2026-04-18 10:55:00,0.5,240.0,7.3,340.0,2026-04-18 11:38:00,0.0,0.0,,0.0,,9.0,15.28,,,,,,,
42HA10,2026-04-19,900.7,1014.2,902.7,2026-04-19 22:59:00,899.1,2026-04-19 15:58:00,20.8,27.5,2026-04-19 10:49:00,15.3,2026-04-19 06:09:00,15.4,74,44,2026-04-19 12:45:00,0.6,220.0,6.6,90.0,2026-04-19 11:54:00,0.0,0.0,,0.0,,9.9,24.42,,,,,,,
42HA10,2026-04-20,902.2,1015.8,903.9,2026-04-20 23:29:00,900.5,2026-04-20 16:20:00,20.8,28.2,2026-04-20 13:11:00,14.4,2026-04-20 06:02:00,14.8,71,42,2026-04-20 15:18:00,0.6,130.0,6.4,90.0,2026-04-20 12:36:00,0.0,0.0,,0.0,,9.9,25.56,,,,,,,
42HA10,2026-04-21,902.0,1015.5,903.8,2026-04-21 00:02:00,899.7,2026-04-21 15:33:00,20.8,28.1,2026-04-21 13:58:00,15.3,2026-04-21 05:52:00,15.1,72,41,2026-04-21 11:24:00,0.6,130.0,6.0,90.0,2026-04-21 11:41:00,0.0,0.0,,0.0,,8.6,20.81,,,,,,,
42HA10,2026-04-22,899.8,1013.0,901.9,2026-04-22 00:01:00,898.5,2026-04-22 14:50:00,21.2,28.4,2026-04-22 11:38:00,16.3,2026-04-22 05:12:00,16.0,74,44,2026-04-22 12:31:00,0.5,150.0,5.0,10.0,2026-04-22 13:24:00,0.0,0.0,,0.0,,8.5,16.61,,,,,,,
42HA10,2026-04-23,899.6,1013.3,901.7,2026-04-23 21:48:00,897.8,2026-04-23 15:37:00,19.8,24.0,2026-04-23 12:49:00,16.2,2026-04-23 06:06:00,14.6,73,48,2026-04-23 12:22:00,0.5,350.0,6.3,340.0,2026-04-23 13:27:00,2.0,1.5,2026-04-23 17:08:00,2.0,2026-04-23 16:28:00,7.3,8.02,,,,,,,
42HA10,2026-04-24,902.3,1017.8,905.0,2026-04-24 21:33:00,900.3,2026-04-24 03:21:00,16.4,18.0,2026-04-24 11:12:00,15.1,2026-04-24 04:31:00,15.2,92,84,2026-04-24 11:18:00,0.3,190.0,3.1,310.0,2026-04-24 11:27:00,47.0,3.5,2026-04-24 11:51:00,12.5,2026-04-24 11:40:00,0.6,2.22,,,,,,,
42HA10,2026-04-25,903.3,1018.9,904.6,2026-04-25 09:29:00,902.0,2026-04-25 15:42:00,16.4,17.3,2026-04-25 14:36:00,15.6,2026-04-25 04:58:00,15.5,94,92,2026-04-25 15:00:00,0.3,290.0,2.8,310.0,2026-04-25 15:03:00,18.5,3.5,2026-04-25 17:36:00,7.0,2026-04-25 17:04:00,0.0,1.81,,,,,,,
42HA10,2026-04-26,902.1,1016.3,903.4,2026-04-26 07:52:00,899.9,2026-04-26 16:21:00,19.4,26.4,2026-04-26 14:52:00,14.6,2026-04-26 23:59:00,14.6,76,41,2026-04-26 13:34:00,0.5,130.0,6.9,90.0,2026-04-26 12:16:00,0.0,0.0,,0.0,,8.5,25.56,,,,,,,
42HA10,2026-04-27,902.4,1017.1,903.9,2026-04-27 06:53:00,900.4,2026-04-27 16:15:00,18.3,25.5,2026-04-27 13:10:00,11.8,2026-04-27 06:09:00,12.8,73,38,2026-04-27 12:40:00,0.5,230.0,5.4,240.0,2026-04-27 09:41:00,0.0,0.0,,0.0,,9.4,24.38,,,,,,,
42HA10,2026-04-28,901.7,1015.8,903.2,2026-04-28 08:05:00,899.7,2026-04-28 16:32:00,19.6,27.4,2026-04-28 12:30:00,13.2,2026-04-28 05:40:00,13.4,69,39,2026-04-28 12:48:00,0.5,340.0,6.3,80.0,2026-04-28 11:14:00,0.0,0.0,,0.0,,10.1,21.50,,,,,,,
42HA10,2026-04-29,901.5,1015.3,903.8,2026-04-29 22:23:00,899.9,2026-04-29 16:10:00,20.3,26.6,2026-04-29 10:21:00,15.0,2026-04-29 05:43:00,15.9,77,47,2026-04-29 10:26:00,0.6,330.0,7.2,330.0,2026-04-29 12:21:00,1.5,0.5,2026-04-29 20:46:00,1.0,2026-04-29 22:36:00,7.9,14.41,,,,,,,
42HA10,2026-04-30,902.4,1017.3,903.6,2026-04-30 22:28:00,901.3,2026-04-30 04:38:00,17.8,19.7,2026-04-30 12:30:00,16.7,2026-04-30 05:29:00,16.5,91,82,2026-04-30 11:48:00,0.3,180.0,1.7,300.0,2026-04-30 09:11:00,9.5,1.5,2026-04-30 10:06:00,2.5,2026-04-30 09:26:00,2.4,3.38,,,,,,,
42HA10,2026-05-01,902.7,1016.5,903.7,2026-05-01 22:24:00,901.5,2026-05-01 14:39:00,20.5,27.5,2026-05-01 13:06:00,16.8,2026-05-01 04:53:00,16.9,80,53,2026-05-01 13:06:00,0.6,200.0,7.3,330.0,2026-05-01 10:31:00,0.0,0.0,,0.0,,9.2,23.47,,,,,,,
42HA10,2026-05-02,901.7,1015.0,903.3,2026-05-02 00:11:00,899.9,2026-05-02 16:13:00,21.5,28.7,2026-05-02 12:33:00,16.9,2026-05-02 05:44:00,17.1,77,44,2026-05-02 11:53:00,0.6,220.0,6.5,260.0,2026-05-02 13:06:00,0.0,0.0,,0.0,,9.4,23.03,,,,,,,
42HA10,2026-05-03,901.4,1014.7,903.1,2026-05-03 22:39:00,900.0,2026-05-03 14:34:00,21.3,28.7,2026-05-03 12:44:00,16.1,2026-05-03 06:58:00,17.2,79,48,2026-05-03 11:54:00,0.6,210.0,6.1,330.0,2026-05-03 11:06:00,0.0,0.0,,0.0,,8.7,20.73,,,,,,,
42HA10,2026-05-04,902.9,1016.6,904.4,2026-05-04 21:16:00,901.8,2026-05-04 16:08:00,20.8,27.9,2026-05-04 11:26:00,17.3,2026-05-04 01:16:00,16.8,79,45,2026-05-04 11:37:00,0.5,190.0,6.1,350.0,2026-05-04 13:26:00,4.5,1.0,2026-05-04 20:42:00,2.5,2026-05-04 19:52:00,7.5,10.58,,,,,,,
42HA10,2026-05-05,902.7,1017.6,904.0,2026-05-05 22:36:00,900.5,2026-05-05 17:16:00,17.7,19.3,2026-05-05 10:13:00,16.4,2026-05-05 23:04:00,16.8,94,90,2026-05-05 10:03:00,0.4,140.0,3.3,20.0,2026-05-05 17:49:00,67.0,12.5,2026-05-05 17:42:00,22.5,2026-05-05 17:27:00,0.2,2.33,,,,,,,
42HA10,2026-05-06,902.2,1016.5,904.1,2026-05-06 09:11:00,900.6,2026-05-06 15:58:00,19.4,25.5,2026-05-06 14:47:00,16.3,2026-05-06 01:21:00,16.8,86,55,2026-05-06 13:18:00,0.5,220.0,6.1,330.0,2026-05-06 13:57:00,16.5,1.5,2026-05-06 05:38:00,6.0,2026-05-06 05:23:00,7.0,11.67,,,,,,,
42HA10,2026-05-07,901.8,1015.1,903.1,2026-05-07 07:56:00,899.9,2026-05-07 15:53:00,21.6,28.6,2026-05-07 12:49:00,16.0,2026-05-07 06:30:00,16.9,76,45,2026-05-07 12:57:00,0.8,310.0,5.8,330.0,2026-05-07 12:12:00,0.0,0.0,,0.0,,9.8,27.14,,,,,,,
42HA10,2026-05-08,902.2,1015.4,903.4,2026-05-08 09:50:00,900.7,2026-05-08 16:43:00,22.1,28.5,2026-05-08 13:14:00,16.8,2026-05-08 06:17:00,17.3,76,47,2026-05-08 13:24:00,0.7,300.0,5.4,360.0,2026-05-08 08:16:00,0.0,0.0,,0.0,,10.4,21.35,,,,,,,
42HA10,2026-05-09,902.8,1016.3,904.2,2026-05-09 09:16:00,901.9,2026-05-09 14:52:00,21.1,26.5,2026-05-09 11:34:00,19.1,2026-05-09 22:47:00,18.5,85,58,2026-05-09 11:36:00,0.5,220.0,7.1,330.0,2026-05-09 12:03:00,1.5,0.5,2026-05-09 00:01:00,0.5,2026-05-09 23:59:00,6.9,9.83,,,,,,,
42HA10,2026-05-10,902.3,1015.4,903.1,2026-05-10 22:41:00,901.0,2026-05-10 15:34:00,22.0,27.4,2026-05-10 11:53:00,18.7,2026-05-10 02:03:00,18.6,81,56,2026-05-10 11:56:00,0.5,180.0,5.9,350.0,2026-05-10 16:27:00,0.5,0.5,2026-05-10 00:19:00,0.5,2026-05-10 23:59:00,9.9,20.91,,,,,,,
42HA10,2026-05-11,901.0,1014.0,902.6,2026-05-11 08:06:00,899.6,2026-05-11 16:46:00,21.9,28.7,2026-05-11 12:03:00,17.2,2026-05-11 05:53:00,17.7,78,51,2026-05-11 12:05:00,0.6,140.0,6.2,260.0,2026-05-11 17:03:00,0.0,0.0,,0.0,,10.0,22.15,,,,,,,
42HA10,2026-05-12,898.7,1011.4,900.1,2026-05-12 07:16:00,896.7,2026-05-12 15:41:00,21.9,28.5,2026-05-12 11:48:00,17.2,2026-05-12 02:11:00,17.6,78,47,2026-05-12 11:44:00,0.7,350.0,5.6,360.0,2026-05-12 09:00:00,0.0,0.0,,0.0,,9.5,16.82,,,,,,,
42HA10,2026-05-13,898.1,1011.4,899.5,2026-05-13 09:54:00,897.1,2026-05-13 15:29:00,20.5,23.9,2026-05-13 09:15:00,19.0,2026-05-13 03:51:00,18.2,87,69,2026-05-13 09:16:00,0.4,220.0,5.2,360.0,2026-05-13 09:18:00,0.0,0.0,,0.0,,5.0,5.56,,,,,,,
42HA10,2026-05-14,898.8,1012.5,901.1,2026-05-14 21:19:00,896.7,2026-05-14 01:58:00,19.5,23.0,2026-05-14 09:26:00,16.8,2026-05-14 23:38:00,17.8,90,76,2026-05-14 09:42:00,0.4,190.0,4.4,360.0,2026-05-14 09:12:00,11.5,1.0,2026-05-14 14:01:00,4.0,2026-05-14 13:56:00,6.6,5.64,,,,,,,
42HA10,2026-05-15,899.8,1013.1,901.1,2026-05-15 22:09:00,897.8,2026-05-15 15:52:00,20.9,28.1,2026-05-15 13:24:00,16.7,2026-05-15 01:12:00,17.4,82,52,2026-05-15 13:25:00,0.6,170.0,5.9,340.0,2026-05-15 12:10:00,1.0,0.5,2026-05-15 18:46:00,0.5,2026-05-15 17:56:00,9.7,23.41,,,,,,,
42HA10,2026-05-16,901.1,1014.6,902.5,2026-05-16 22:12:00,899.9,2026-05-16 15:51:00,20.9,27.9,2026-05-16 12:20:00,16.7,2026-05-16 05:38:00,17.3,81,52,2026-05-16 12:14:00,0.6,110.0,6.1,260.0,2026-05-16 10:03:00,0.0,0.0,,0.0,,9.7,21.44,,,,,,,
42HA10,2026-05-17,901.1,1014.3,902.2,2026-05-17 00:01:00,899.4,2026-05-17 16:12:00,21.5,28.6,2026-05-17 13:35:00,16.8,2026-05-17 05:20:00,17.7,80,50,2026-05-17 13:35:00,0.6,150.0,6.2,90.0,2026-05-17 10:38:00,0.0,0.0,,0.0,,9.5,25.76,,,,,,,
42HA10,2026-05-18,900.7,1013.8,901.9,2026-05-18 22:10:00,899.0,2026-05-18 16:21:00,21.5,28.3,2026-05-18 12:14:00,17.1,2026-05-18 06:18:00,17.4,79,52,2026-05-18 12:11:00,0.7,130.0,6.6,330.0,2026-05-18 15:14:00,0.0,0.0,,0.0,,9.8,23.15,,,,,,,
42HA10,2026-05-19,900.1,1013.5,901.1,2026-05-19 00:02:00,898.7,2026-05-19 16:10:00,20.9,27.4,2026-05-19 13:58:00,16.2,2026-05-19 06:49:00,17.2,81,54,2026-05-19 09:47:00,0.6,180.0,6.3,240.0,2026-05-19 11:37:00,0.5,0.5,2026-05-19 18:27:00,0.5,2026-05-19 17:37:00,9.4,26.09,,,,,,,
42HA10,2026-05-20,900.5,1013.6,902.2,2026-05-20 22:34:00,899.3,2026-05-20 15:22:00,21.5,28.7,2026-05-20 13:56:00,16.5,2026-05-20 04:52:00,17.5,80,45,2026-05-20 12:46:00,0.6,210.0,5.3,260.0,2026-05-20 15:46:00,0.0,0.0,,0.0,,8.7,24.64,,,,,,,
42HA10,2026-05-21,902.6,1015.6,903.6,2026-05-21 22:20:00,901.5,2026-05-21 00:44:00,22.4,30.0,2026-05-21 11:54:00,17.9,2026-05-21 04:48:00,18.4,79,49,2026-05-21 11:58:00,0.6,190.0,7.0,330.0,2026-05-21 16:30:00,0.5,0.5,2026-05-21 12:48:00,0.5,2026-05-21 11:58:00,9.5,19.20,,,,,,,
42HA10,2026-05-22,902.4,1015.4,903.7,2026-05-22 08:17:00,901.2,2026-05-22 14:51:00,22.4,28.6,2026-05-22 12:15:00,19.5,2026-05-22 23:34:00,19.1,82,53,2026-05-22 12:16:00,0.5,220.0,6.2,350.0,2026-05-22 15:06:00,0.5,0.5,2026-05-22 19:05:00,0.5,2026-05-22 18:15:00,7.0,11.07,,,,,,,
42HA10,2026-05-23,902.1,1014.7,903.4,2026-05-23 06:59:00,900.4,2026-05-23 16:17:00,23.2,30.8,2026-05-23 15:01:00,17.8,2026-05-23 05:08:00,17.2,72,37,2026-05-23 15:13:00,0.5,170.0,5.9,340.0,2026-05-23 16:51:00,0.0,0.0,,0.0,,9.1,20.63,,,,,,,
42HA10,2026-05-24,901.8,1014.5,903.7,2026-05-24 08:26:00,900.3,2026-05-24 16:28:00,23.1,31.3,2026-05-24 13:56:00,17.3,2026-05-24 05:11:00,17.5,73,40,2026-05-24 13:03:00,0.6,190.0,5.7,270.0,2026-05-24 18:01:00,0.0,0.0,,0.0,,9.3,19.51,,,,,,,
42HA10,2026-05-25,900.7,1013.1,902.5,2026-05-25 09:03:00,899.1,2026-05-25 15:56:00,23.4,30.9,2026-05-25 15:38:00,17.0,2026-05-25 05:41:00,17.6,72,45,2026-05-25 13:54:00,0.7,320.0,6.3,270.0,2026-05-25 18:15:00,0.0,0.0,,0.0,,9.3,26.65,,,,,,,
42HA10,2026-05-26,899.9,1012.2,901.1,2026-05-26 22:43:00,898.3,2026-05-26 15:06:00,23.7,31.7,2026-05-26 13:40:00,16.6,2026-05-26 05:04:00,17.3,70,39,2026-05-26 13:43:00,0.6,200.0,7.4,270.0,2026-05-26 18:20:00,0.0,0.0,,0.0,,9.9,23.54,,,,,,,
42HA10,2026-05-27,900.9,1013.3,902.4,2026-05-27 22:19:00,898.9,2026-05-27 17:08:00,23.6,31.9,2026-05-27 15:46:00,17.8,2026-05-27 04:45:00,17.5,71,40,2026-05-27 12:05:00,0.5,180.0,6.6,340.0,2026-05-27 18:34:00,0.0,0.0,,0.0,,8.1,23.62,,,,,,,
42HA10,2026-05-28,901.0,1013.2,902.4,2026-05-28 09:15:00,898.8,2026-05-28 15:25:00,24.1,33.1,2026-05-28 15:20:00,17.8,2026-05-28 05:29:00,17.9,70,43,2026-05-28 11:42:00,0.7,250.0,7.4,270.0,2026-05-28 18:52:00,0.0,0.0,,0.0,,9.4,21.75,,,,,,,
42HA10,2026-05-29,900.3,1012.5,902.3,2026-05-29 08:11:00,897.6,2026-05-29 16:15:00,23.8,31.2,2026-05-29 12:41:00,18.6,2026-05-29 05:39:00,19.1,77,48,2026-05-29 10:27:00,0.7,340.0,6.4,330.0,2026-05-29 17:32:00,15.0,4.0,2026-05-29 20:37:00,13.0,2026-05-29 19:53:00,8.6,20.16,,,,,,,
42HA10,2026-05-30,899.3,1011.8,900.9,2026-05-30 00:01:00,897.7,2026-05-30 15:52:00,22.6,29.3,2026-05-30 12:03:00,20.0,2026-05-30 05:15:00,20.3,87,58,2026-05-30 12:03:00,0.5,120.0,5.5,340.0,2026-05-30 09:06:00,32.5,7.5,2026-05-30 17:00:00,18.5,2026-05-30 16:15:00,7.3,18.00,,,,,,,
42HA10,2026-05-31,898.3,1010.5,899.3,2026-05-31 22:28:00,897.0,2026-05-31 14:16:00,23.0,27.9,2026-05-31 13:08:00,19.6,2026-05-31 03:00:00,19.8,83,63,2026-05-31 13:08:00,0.6,180.0,5.8,250.0,2026-05-31 15:03:00,0.5,0.5,2026-05-31 03:00:00,0.5,2026-05-31 02:10:00,9.2,17.10,,,,,,,
42HA10,2026-06-01,898.2,1010.1,899.5,2026-06-01 22:08:00,896.5,2026-06-01 16:12:00,23.7,29.2,2026-06-01 15:14:00,19.5,2026-06-01 05:31:00,19.1,77,52,2026-06-01 13:43:00,0.6,220.0,5.8,250.0,2026-06-01 17:57:00,0.0,0.0,,0.0,,10.4,23.27,,,,,,,
42HA10,2026-06-02,898.2,1010.4,899.0,2026-06-02 22:02:00,897.3,2026-06-02 16:59:00,23.3,30.2,2026-06-02 12:30:00,18.4,2026-06-02 06:06:00,18.6,76,44,2026-06-02 12:21:00,0.6,180.0,5.8,270.0,2026-06-02 16:48:00,0.0,0.0,,0.0,,9.5,25.66,,,,,,,
42HA10,2026-06-03,897.5,1009.3,898.7,2026-06-03 06:31:00,895.7,2026-06-03 16:09:00,23.8,30.1,2026-06-03 13:40:00,18.1,2026-06-03 05:55:00,19.0,76,48,2026-06-03 13:29:00,0.7,360.0,6.4,330.0,2026-06-03 18:15:00,0.0,0.0,,0.0,,9.7,20.96,,,,,,,
42HA10,2026-06-04,896.1,1008.4,897.9,2026-06-04 20:19:00,894.6,2026-06-04 14:30:00,22.5,29.8,2026-06-04 11:04:00,18.9,2026-06-04 06:14:00,19.2,83,54,2026-06-04 12:17:00,0.6,180.0,5.2,310.0,2026-06-04 11:50:00,23.0,3.5,2026-06-04 16:18:00,12.0,2026-06-04 15:48:00,7.9,17.00,,,,,,,
42HA10,2026-06-05,895.5,1008.0,896.7,2026-06-05 22:49:00,894.0,2026-06-05 16:48:00,21.5,27.7,2026-06-05 10:35:00,19.5,2026-06-05 04:41:00,19.7,90,63,2026-06-05 10:36:00,0.4,190.0,4.5,190.0,2026-06-05 13:43:00,49.0,9.0,2026-06-05 16:35:00,29.0,2026-06-05 15:55:00,7.5,10.39,,,,,,,
42HA10,2026-06-06,898.5,1011.2,900.8,2026-06-06 22:10:00,895.6,2026-06-06 01:10:00,21.9,26.1,2026-06-06 14:47:00,20.5,2026-06-06 00:43:00,20.4,91,71,2026-06-06 14:55:00,0.5,150.0,5.8,260.0,2026-06-06 14:15:00,32.0,8.5,2026-06-06 20:09:00,10.5,2026-06-06 19:31:00,8.0,9.64,,,,,,,
42HA10,2026-06-07,898.6,1011.0,900.4,2026-06-07 00:01:00,896.8,2026-06-07 14:09:00,22.8,30.1,2026-06-07 13:45:00,19.6,2026-06-07 05:33:00,20.0,85,54,2026-06-07 13:48:00,0.5,210.0,5.3,330.0,2026-06-07 11:33:00,4.0,0.5,2026-06-07 15:32:00,1.5,2026-06-07 17:22:00,8.1,20.27,,,,,,,
42HA10,2026-06-08,896.1,1008.4,897.7,2026-06-08 00:01:00,893.8,2026-06-08 17:08:00,22.3,26.7,2026-06-08 09:25:00,19.8,2026-06-08 05:28:00,20.3,89,66,2026-06-08 09:30:00,0.4,180.0,3.8,230.0,2026-06-08 11:37:00,4.5,1.5,2026-06-08 12:40:00,3.5,2026-06-08 12:05:00,8.9,10.41,,,,,,,
42HA10,2026-06-09,895.6,1008.4,897.2,2026-06-09 22:07:00,893.8,2026-06-09 02:49:00,20.7,23.0,2026-06-09 14:36:00,19.5,2026-06-09 21:36:00,19.7,94,85,2026-06-09 14:15:00,0.6,330.0,3.2,20.0,2026-06-09 19:20:00,66.0,4.5,2026-06-09 02:13:00,15.0,2026-06-09 01:59:00,4.3,4.51,,,,,,,
42HA10,2026-06-10,898.1,1011.3,901.2,2026-06-10 23:18:00,895.4,2026-06-10 02:33:00,20.4,21.8,2026-06-10 16:30:00,19.4,2026-06-10 02:07:00,19.6,95,92,2026-06-10 16:35:00,0.4,340.0,3.8,290.0,2026-06-10 01:33:00,55.5,7.0,2026-06-10 09:46:00,20.5,2026-06-10 09:10:00,3.1,3.85,,,,,,,
42HA10,2026-06-11,901.9,1015.6,903.8,2026-06-11 20:43:00,900.0,2026-06-11 01:49:00,20.6,22.6,2026-06-11 10:25:00,19.5,2026-06-11 23:25:00,19.8,95,90,2026-06-11 10:29:00,0.4,330.0,3.2,300.0,2026-06-11 09:22:00,50.5,5.0,2026-06-11 16:34:00,17.0,2026-06-11 15:57:00,3.9,4.47,,,,,,,
42HA10,2026-06-12,902.5,1016.2,903.6,2026-06-12 00:01:00,901.2,2026-06-12 16:18:00,20.9,25.1,2026-06-12 12:21:00,19.0,2026-06-12 04:33:00,19.3,91,70,2026-06-12 12:21:00,0.4,330.0,7.5,330.0,2026-06-12 13:57:00,69.5,8.5,2026-06-12 15:34:00,30.5,2026-06-12 15:08:00,5.9,6.67,,,,,,,
42HA10,2026-06-13,900.5,1013.7,903.1,2026-06-13 00:01:00,899.4,2026-06-13 15:39:00,21.3,28.0,2026-06-13 11:46:00,19.5,2026-06-13 18:15:00,19.7,91,60,2026-06-13 11:46:00,0.5,340.0,7.1,260.0,2026-06-13 13:32:00,16.0,3.5,2026-06-13 16:43:00,4.5,2026-06-13 14:49:00,7.1,14.41,,,,,,,
42HA10,2026-06-14,899.6,1013.2,900.9,2026-06-14 22:43:00,898.4,2026-06-14 03:17:00,19.9,23.2,2026-06-14 10:31:00,18.6,2026-06-14 20:28:00,18.9,93,80,2026-06-14 10:33:00,0.5,360.0,3.7,310.0,2026-06-14 19:42:00,39.0,3.5,2026-06-14 18:09:00,10.0,2026-06-14 17:21:00,3.0,4.07,,,,,,,
42HA10,2026-06-15,900.4,1014.3,902.5,2026-06-15 22:00:00,898.8,2026-06-15 03:55:00,19.4,20.5,2026-06-15 11:45:00,18.6,2026-06-15 00:01:00,18.5,94,91,2026-06-15 15:26:00,0.6,350.0,3.9,320.0,2026-06-15 13:45:00,24.5,1.5,2026-06-15 11:44:00,5.5,2026-06-15 12:46:00,2.8,3.84,,,,,,,
42HA10,2026-06-16,901.6,1015.3,903.1,2026-06-16 21:25:00,900.4,2026-06-16 03:34:00,20.3,26.0,2026-06-16 12:52:00,18.6,2026-06-16 03:21:00,18.9,92,65,2026-06-16 12:57:00,0.4,160.0,4.8,10.0,2026-06-16 11:05:00,13.5,5.5,2026-06-16 14:19:00,11.5,2026-06-16 14:11:00,5.3,6.24,,,,,,,
42HA10,2026-06-17,902.9,1016.4,904.6,2026-06-17 21:40:00,901.6,2026-06-17 14:13:00,21.4,29.0,2026-06-17 13:25:00,18.2,2026-06-17 05:29:00,19.2,87,55,2026-06-17 13:28:00,0.6,340.0,4.2,30.0,2026-06-17 09:46:00,1.5,0.5,2026-06-17 14:41:00,1.0,2026-06-17 14:07:00,7.5,14.15,,,,,,,
42HA10,2026-06-18,903.2,1016.5,904.7,2026-06-18 21:54:00,901.7,2026-06-18 13:36:00,22.1,29.7,2026-06-18 13:12:00,17.7,2026-06-18 05:17:00,18.9,84,49,2026-06-18 11:10:00,0.4,170.0,3.9,80.0,2026-06-18 11:01:00,0.5,0.5,2026-06-18 17:14:00,0.5,2026-06-18 16:24:00,7.6,21.56,,,,,,,
42HA10,2026-06-19,902.6,1015.5,903.9,2026-06-19 22:13:00,901.4,2026-06-19 14:59:00,22.7,29.6,2026-06-19 15:22:00,16.3,2026-06-19 06:55:00,18.2,78,44,2026-06-19 11:01:00,0.5,350.0,4.2,220.0,2026-06-19 17:11:00,0.0,0.0,,0.0,,10.3,27.02,,,,,,,
42HA10,2026-06-20,902.7,1015.6,903.9,2026-06-20 21:45:00,901.5,2026-06-20 16:37:00,22.6,31.1,2026-06-20 14:32:00,15.9,2026-06-20 06:09:00,17.5,76,44,2026-06-20 14:12:00,0.6,360.0,5.0,20.0,2026-06-20 17:51:00,0.0,0.0,,0.0,,8.6,24.13,,,,,,,
42HA10,2026-06-21,901.5,1014.0,903.4,2026-06-21 00:01:00,899.8,2026-06-21 17:39:00,23.3,30.8,2026-06-21 13:26:00,16.3,2026-06-21 05:19:00,17.6,73,40,2026-06-21 10:54:00,0.6,230.0,5.7,340.0,2026-06-21 17:51:00,0.0,0.0,,0.0,,9.5,27.37,,,,,,,
42HA10,2026-06-22,898.4,1010.3,900.3,2026-06-22 00:01:00,896.1,2026-06-22 16:28:00,24.0,32.4,2026-06-22 13:37:00,18.1,2026-06-22 05:27:00,19.0,76,38,2026-06-22 14:14:00,0.6,330.0,4.2,260.0,2026-06-22 17:58:00,0.0,0.0,,0.0,,9.0,26.42,,,,,,,
42HA10,2026-06-23,896.2,1007.9,897.2,2026-06-23 21:47:00,895.4,2026-06-23 15:17:00,23.8,30.4,2026-06-23 14:41:00,17.5,2026-06-23 06:26:00,18.9,76,47,2026-06-23 09:55:00,0.5,200.0,5.5,270.0,2026-06-23 18:04:00,0.0,0.0,,0.0,,9.8,26.12,,,,,,,
42HA10,2026-06-24,895.8,1007.6,897.1,2026-06-24 22:30:00,894.1,2026-06-24 15:42:00,23.3,29.9,2026-06-24 13:53:00,17.5,2026-06-24 06:15:00,18.7,77,49,2026-06-24 13:54:00,0.6,170.0,5.5,90.0,2026-06-24 11:23:00,0.0,0.0,,0.0,,9.9,24.23,,,,,,,
42HA10,2026-06-25,896.0,1008.7,897.6,2026-06-25 21:56:00,894.6,2026-06-25 15:03:00,21.1,27.3,2026-06-25 12:25:00,19.3,2026-06-25 04:25:00,19.4,90,65,2026-06-25 12:25:00,0.5,330.0,5.5,230.0,2026-06-25 12:44:00,99.5,17.0,2026-06-25 14:45:00,43.0,2026-06-25 14:05:00,4.5,6.24,,,,,,,
42HA10,2026-06-26,896.8,1009.9,898.7,2026-06-26 21:22:00,895.3,2026-06-26 01:55:00,20.6,23.2,2026-06-26 14:14:00,19.3,2026-06-26 22:05:00,19.7,95,88,2026-06-26 14:30:00,0.4,250.0,3.7,320.0,2026-06-26 17:36:00,39.5,5.5,2026-06-26 10:02:00,11.5,2026-06-26 09:59:00,4.1,4.52,,,,,,,
42HA10,2026-06-27,898.2,1011.4,900.4,2026-06-27 22:08:00,896.4,2026-06-27 03:39:00,20.5,25.1,2026-06-27 15:08:00,19.2,2026-06-27 02:21:00,19.4,93,76,2026-06-27 14:46:00,0.4,210.0,5.1,350.0,2026-06-27 14:44:00,42.5,2.5,2026-06-27 19:30:00,8.0,2026-06-27 05:03:00,5.3,5.63,,,,,,,
42HA10,2026-06-28,899.4,1012.1,900.9,2026-06-28 22:06:00,898.0,2026-06-28 03:00:00,22.4,28.3,2026-06-28 13:59:00,18.6,2026-06-28 05:08:00,19.6,84,59,2026-06-28 13:09:00,0.5,10.0,4.0,20.0,2026-06-28 16:15:00,0.0,0.0,,0.0,,9.2,15.00,,,,,,,
