測站,口湖工作站
測站代碼,觀測時間,平均氣壓(hPa),海平面氣壓(hPa),日最高氣壓(hPa),最高氣壓時間,日最低氣壓(hPa),最低氣壓時間,平均氣溫(℃),最高氣溫(℃),最高氣溫時間,最低氣溫(℃),最低氣溫時間,平均露點溫度(℃),平均相對溼度( %),最低相對溼度( %),最低相對溼度時間,平均風速(m/s),平均風向(°),最大瞬間風風速(m/s),最大瞬間風風向(°),最大瞬間風風速時間,累計雨量(mm),最大10分鐘降水量(mm),最大10分鐘降水量起始時間,最大60分鐘降水量(mm),最大60分鐘降水量起始時間,累積日照時數(hr),累積日射量(MJ/m2),累積蒸發量(mm),平均地溫0cm(℃),平均地溫5cm(℃),平均地溫10cm(℃),平均地溫20cm(℃),平均地溫50cm(℃),平均地溫100cm(℃)
12J990,2026-01-01,1014.4,1015.7,1018.0,2026-01-01 23:07:00,1011.9,2026-01-01 02:27:00,17.5,20.3,2026-01-01 11:50:00,15.8,2026-01-01 23:50:00,13.6,78,68,2026-01-01 11:16:00,7.7,20.0,19.0,20.0,2026-01-01 16:25:00,0.0,0.0,,0.0,,7.2,13.99,,,,,,,
12J990,2026-01-02,1020.5,1021.8,1023.3,2026-01-02 21:25:00,1017.3,2026-01-02 02:33:00,14.1,16.5,2026-01-02 12:32:00,11.3,2026-01-02 23:11:00,8.7,69,58,2026-01-02 12:39:00,9.0,30.0,20.2,30.0,2026-01-02 16:09:00,0.0,0.0,,0.0,,8.1,15.11,,,,,,,
12J990,2026-01-03,1021.9,1023.2,1024.2,2026-01-03 10:05:00,1019.7,2026-01-03 15:21:00,14.6,18.9,2026-01-03 13:59:00,10.9,2026-01-03 05:57:00,8.0,65,51,2026-01-03 12:40:00,4.0,20.0,11.5,20.0,2026-01-03 00:03:00,0.0,0.0,,0.0,,8.9,15.67,,,,,,,
12J990,2026-01-04,1020.5,1021.7,1022.8,2026-01-04 09:27:00,1018.4,2026-01-04 15:09:00,15.3,20.4,2026-01-04 13:46:00,10.4,2026-01-04 05:55:00,11.9,80,58,2026-01-04 11:31:00,1.4,320.0,6.5,290.0,2026-01-04 13:04:00,0.0,0.0,,0.0,,8.9,16.47,,,,,,,
12J990,2026-01-05,1019.2,1020.4,1020.9,2026-01-05 09:26:00,1017.1,2026-01-05 14:40:00,15.7,19.9,2026-01-05 14:31:00,10.4,2026-01-05 06:55:00,13.2,85,67,2026-01-05 14:32:00,3.3,20.0,12.7,20.0,2026-01-05 20:58:00,0.0,0.0,,0.0,,8.3,13.62,,,,,,,
12J990,2026-01-06,1020.8,1022.0,1022.8,2026-01-06 22:31:00,1019.0,2026-01-06 04:10:00,14.6,16.6,2026-01-06 10:35:00,12.8,2026-01-06 23:58:00,9.9,73,66,2026-01-06 15:25:00,6.5,30.0,15.4,20.0,2026-01-06 10:38:00,0.0,0.0,,0.0,,8.9,11.75,,,,,,,
12J990,2026-01-07,1021.5,1022.7,1022.9,2026-01-07 09:25:00,1019.4,2026-01-07 15:08:00,13.4,15.9,2026-01-07 13:45:00,11.8,2026-01-07 06:47:00,6.4,63,50,2026-01-07 11:17:00,5.9,30.0,17.0,30.0,2026-01-07 10:02:00,0.0,0.0,,0.0,,8.9,14.24,,,,,,,
12J990,2026-01-08,1021.3,1022.6,1023.3,2026-01-08 09:53:00,1019.1,2026-01-08 14:50:00,13.7,17.5,2026-01-08 12:34:00,10.5,2026-01-08 04:33:00,6.6,62,49,2026-01-08 23:26:00,6.0,20.0,18.9,20.0,2026-01-08 14:49:00,0.0,0.0,,0.0,,8.4,16.05,,,,,,,
12J990,2026-01-09,1020.0,1021.3,1022.0,2026-01-09 09:08:00,1018.0,2026-01-09 14:48:00,14.4,17.9,2026-01-09 14:02:00,12.1,2026-01-09 05:37:00,6.5,59,46,2026-01-09 10:59:00,4.6,30.0,12.2,20.0,2026-01-09 00:55:00,0.0,0.0,,0.0,,7.9,11.98,,,,,,,
12J990,2026-01-10,1018.8,1020.1,1021.1,2026-01-10 23:01:00,1016.6,2026-01-10 15:18:00,15.8,18.6,2026-01-10 12:51:00,11.8,2026-01-10 07:15:00,10.5,71,57,2026-01-10 11:42:00,4.0,20.0,10.9,20.0,2026-01-10 13:32:00,0.0,0.0,,0.0,,8.3,12.75,,,,,,,
12J990,2026-01-11,1019.9,1021.2,1021.5,2026-01-11 21:53:00,1017.8,2026-01-11 14:25:00,16.4,20.4,2026-01-11 13:04:00,12.7,2026-01-11 23:59:00,8.9,61,49,2026-01-11 10:01:00,5.2,20.0,13.9,20.0,2026-01-11 03:28:00,0.0,0.0,,0.0,,8.8,16.73,,,,,,,
12J990,2026-01-12,1019.4,1020.7,1021.8,2026-01-12 09:31:00,1017.3,2026-01-12 15:17:00,16.0,20.1,2026-01-12 12:53:00,12.5,2026-01-12 00:52:00,11.7,76,57,2026-01-12 12:53:00,2.0,20.0,6.9,20.0,2026-01-12 18:34:00,0.0,0.0,,0.0,,7.8,9.79,,,,,,,
12J990,2026-01-13,1017.3,1018.6,1019.0,2026-01-13 08:34:00,1015.2,2026-01-13 15:11:00,17.2,21.5,2026-01-13 11:53:00,14.7,2026-01-13 21:00:00,11.5,72,31,2026-01-13 14:36:00,3.2,20.0,12.9,20.0,2026-01-13 13:57:00,0.0,0.0,,0.0,,8.5,15.76,,,,,,,
12J990,2026-01-14,1016.6,1017.9,1018.4,2026-01-14 09:24:00,1014.3,2026-01-14 15:13:00,16.9,22.5,2026-01-14 13:59:00,11.6,2026-01-14 04:51:00,12.9,78,51,2026-01-14 13:18:00,1.7,40.0,6.2,290.0,2026-01-14 13:41:00,0.0,0.0,,0.0,,9.1,17.25,,,,,,,
12J990,2026-01-15,1014.9,1016.1,1017.6,2026-01-15 00:26:00,1013.0,2026-01-15 15:14:00,18.2,21.7,2026-01-15 12:49:00,14.4,2026-01-15 04:25:00,14.9,82,63,2026-01-15 16:05:00,2.3,20.0,8.7,30.0,2026-01-15 12:31:00,0.0,0.0,,0.0,,8.1,10.53,,,,,,,
12J990,2026-01-16,1012.6,1013.9,1014.1,2026-01-16 09:15:00,1011.2,2026-01-16 14:52:00,19.8,22.0,2026-01-16 11:36:00,17.8,2026-01-16 03:34:00,15.7,77,61,2026-01-16 11:13:00,3.1,20.0,10.4,20.0,2026-01-16 07:18:00,0.0,0.0,,0.0,,7.6,7.93,,,,,,,
12J990,2026-01-17,1010.8,1012.1,1012.4,2026-01-17 00:06:00,1008.8,2026-01-17 15:40:00,20.2,23.4,2026-01-17 11:46:00,17.9,2026-01-17 23:44:00,15.9,76,57,2026-01-17 10:21:00,3.7,20.0,9.6,20.0,2026-01-17 16:58:00,0.0,0.0,,0.0,,8.3,11.33,,,,,,,
12J990,2026-01-18,1011.0,1012.3,1012.8,2026-01-18 09:35:00,1009.3,2026-01-18 15:16:00,18.6,20.8,2026-01-18 13:28:00,17.4,2026-01-18 01:36:00,15.4,81,71,2026-01-18 10:45:00,5.2,30.0,12.3,10.0,2026-01-18 12:47:00,0.0,0.0,,0.0,,8.6,7.70,,,,,,,
12J990,2026-01-19,1012.2,1013.4,1013.6,2026-01-19 23:55:00,1010.7,2026-01-19 15:11:00,18.5,21.8,2026-01-19 11:32:00,16.6,2026-01-19 06:30:00,15.3,81,67,2026-01-19 10:41:00,5.2,30.0,13.8,30.0,2026-01-19 16:17:00,0.0,0.0,,0.0,,9.1,16.63,,,,,,,
12J990,2026-01-20,1014.9,1016.2,1017.8,2026-01-20 23:59:00,1013.0,2026-01-20 13:57:00,16.7,19.6,2026-01-20 11:49:00,13.9,2026-01-20 23:42:00,12.6,76,66,2026-01-20 11:20:00,7.4,30.0,18.2,20.0,2026-01-20 15:08:00,0.0,0.0,,0.0,,9.1,17.41,,,,,,,
12J990,2026-01-21,1019.0,1020.3,1021.2,2026-01-21 22:41:00,1017.0,2026-01-21 15:08:00,14.1,16.6,2026-01-21 15:13:00,12.4,2026-01-21 06:33:00,9.6,74,62,2026-01-21 15:14:00,7.8,30.0,17.6,30.0,2026-01-21 02:02:00,0.0,0.0,,0.0,,9.0,16.63,,,,,,,
12J990,2026-01-22,1021.3,1022.6,1023.0,2026-01-22 09:25:00,1019.5,2026-01-22 15:07:00,13.8,17.3,2026-01-22 12:59:00,11.5,2026-01-22 05:46:00,9.4,74,60,2026-01-22 13:00:00,6.0,30.0,14.1,40.0,2026-01-22 10:50:00,0.0,0.0,,0.0,,7.4,13.45,,,,,,,
12J990,2026-01-23,1021.9,1023.2,1023.4,2026-01-23 09:14:00,1019.8,2026-01-23 15:05:00,15.8,19.2,2026-01-23 12:30:00,12.7,2026-01-23 04:24:00,12.1,79,63,2026-01-23 11:12:00,3.5,30.0,11.3,20.0,2026-01-23 15:03:00,0.0,0.0,,0.0,,7.5,15.04,,,,,,,
12J990,2026-01-24,1020.4,1021.7,1022.4,2026-01-24 00:03:00,1018.7,2026-01-24 14:55:00,17.0,20.4,2026-01-24 11:27:00,14.5,2026-01-24 04:48:00,14.4,85,69,2026-01-24 11:28:00,3.2,20.0,10.2,30.0,2026-01-24 11:34:00,0.0,0.0,,0.0,,8.3,14.94,,,,,,,
12J990,2026-01-25,1019.8,1021.1,1021.3,2026-01-25 10:27:00,1018.1,2026-01-25 14:49:00,18.1,21.3,2026-01-25 13:32:00,15.3,2026-01-25 02:28:00,16.0,87,73,2026-01-25 13:35:00,2.7,20.0,9.0,20.0,2026-01-25 08:51:00,0.0,0.0,,0.0,,8.2,12.79,,,,,,,
12J990,2026-01-26,1019.1,1020.3,1021.2,2026-01-26 09:41:00,1017.4,2026-01-26 16:41:00,18.4,20.6,2026-01-26 17:11:00,17.0,2026-01-26 23:28:00,16.4,88,77,2026-01-26 15:13:00,1.8,10.0,7.4,40.0,2026-01-26 11:24:00,0.0,0.0,,0.0,,7.0,7.52,,,,,,,
12J990,2026-01-27,1018.3,1019.6,1019.7,2026-01-27 09:28:00,1016.8,2026-01-27 14:44:00,18.1,21.9,2026-01-27 11:42:00,16.4,2026-01-27 21:14:00,15.9,87,72,2026-01-27 13:31:00,4.0,20.0,14.0,20.0,2026-01-27 15:56:00,0.0,0.0,,0.0,,8.3,13.02,,,,,,,
12J990,2026-01-28,1019.3,1020.6,1020.9,2026-01-28 08:35:00,1017.3,2026-01-28 14:12:00,16.5,19.1,2026-01-28 12:37:00,14.5,2026-01-28 23:58:00,12.9,79,69,2026-01-28 10:32:00,6.4,20.0,16.9,20.0,2026-01-28 16:22:00,0.0,0.0,,0.0,,9.3,18.15,,,,,,,
12J990,2026-01-29,1019.5,1020.8,1021.5,2026-01-29 09:16:00,1017.7,2026-01-29 15:04:00,17.2,21.0,2026-01-29 12:03:00,13.5,2026-01-29 01:53:00,13.8,81,64,2026-01-29 12:19:00,3.7,20.0,12.3,30.0,2026-01-29 14:32:00,0.0,0.0,,0.0,,9.1,16.81,,,,,,,
12J990,2026-01-30,1019.4,1020.7,1021.7,2026-01-30 09:25:00,1016.8,2026-01-30 15:19:00,18.4,21.8,2026-01-30 11:41:00,17.1,2026-01-30 18:15:00,16.6,89,75,2026-01-30 14:32:00,3.5,20.0,10.2,40.0,2026-01-30 16:41:00,0.0,0.0,,0.0,,7.9,12.94,,,,,,,
12J990,2026-01-31,1019.4,1020.7,1021.0,2026-01-31 09:30:00,1017.4,2026-01-31 14:42:00,17.7,20.8,2026-01-31 13:06:00,15.2,2026-01-31 22:17:00,15.3,86,73,2026-01-31 12:46:00,5.1,20.0,14.5,20.0,2026-01-31 18:27:00,0.0,0.0,,0.0,,8.2,12.19,,,,,,,
12J990,2026-02-01,1020.3,1021.6,1022.1,2026-02-01 09:44:00,1018.7,2026-02-01 03:27:00,16.0,17.7,2026-02-01 11:22:00,14.8,2026-02-01 06:50:00,13.4,84,73,2026-02-01 10:12:00,6.7,30.0,16.2,20.0,2026-02-01 02:48:00,0.5,0.5,2026-02-01 20:15:00,0.5,2026-02-01 19:25:00,7.3,7.76,,,,,,,
12J990,2026-02-02,1021.8,1023.0,1023.1,2026-02-02 09:51:00,1019.8,2026-02-02 15:43:00,15.6,18.5,2026-02-02 11:00:00,14.6,2026-02-02 06:13:00,13.3,86,76,2026-02-02 15:41:00,6.9,30.0,17.7,30.0,2026-02-02 18:53:00,1.5,0.5,2026-02-02 04:44:00,0.5,2026-02-02 03:54:00,8.6,12.55,,,,,,,
12J990,2026-02-03,1021.7,1023.0,1023.8,2026-02-03 09:31:00,1019.8,2026-02-03 15:26:00,16.7,20.3,2026-02-03 11:49:00,13.9,2026-02-03 05:20:00,12.7,77,62,2026-02-03 11:50:00,4.5,30.0,11.9,30.0,2026-02-03 00:15:00,0.0,0.0,,0.0,,8.9,16.17,,,,,,,
12J990,2026-02-04,1018.5,1019.8,1020.8,2026-02-04 00:01:00,1015.9,2026-02-04 16:18:00,17.4,20.8,2026-02-04 10:40:00,14.6,2026-02-04 07:09:00,15.2,86,71,2026-02-04 10:38:00,1.9,30.0,7.4,20.0,2026-02-04 08:49:00,0.0,0.0,,0.0,,8.6,16.30,,,,,,,
12J990,2026-02-05,1015.9,1017.2,1018.2,2026-02-05 09:08:00,1013.2,2026-02-05 15:20:00,20.5,25.4,2026-02-05 11:57:00,17.0,2026-02-05 02:21:00,16.2,78,52,2026-02-05 13:34:00,1.9,300.0,6.5,290.0,2026-02-05 12:07:00,0.0,0.0,,0.0,,9.3,18.06,,,,,,,
12J990,2026-02-06,1014.8,1016.1,1016.9,2026-02-06 08:39:00,1012.2,2026-02-06 15:00:00,19.6,23.0,2026-02-06 14:57:00,17.5,2026-02-06 23:00:00,17.0,85,72,2026-02-06 11:08:00,2.1,30.0,8.4,30.0,2026-02-06 20:22:00,0.5,0.5,2026-02-06 18:25:00,0.5,2026-02-06 17:35:00,6.4,7.58,,,,,,,
12J990,2026-02-07,1017.3,1018.6,1020.3,2026-02-07 23:05:00,1015.3,2026-02-07 15:09:00,16.0,18.9,2026-02-07 11:44:00,13.8,2026-02-07 23:58:00,12.8,81,71,2026-02-07 11:37:00,8.4,30.0,20.4,20.0,2026-02-07 13:15:00,0.5,0.5,2026-02-07 03:09:00,0.5,2026-02-07 02:19:00,9.5,16.47,,,,,,,
12J990,2026-02-08,1022.4,1023.7,1024.1,2026-02-08 10:40:00,1019.4,2026-02-08 03:02:00,12.2,14.3,2026-02-08 14:36:00,9.4,2026-02-08 22:41:00,6.1,66,56,2026-02-08 14:28:00,8.8,30.0,23.1,30.0,2026-02-08 07:51:00,0.0,0.0,,0.0,,8.8,11.30,,,,,,,
12J990,2026-02-09,1021.0,1022.3,1022.9,2026-02-09 01:00:00,1018.8,2026-02-09 15:00:00,14.4,18.6,2026-02-09 14:35:00,9.5,2026-02-09 00:06:00,8.9,70,54,2026-02-09 11:00:00,2.5,350.0,8.4,40.0,2026-02-09 01:56:00,0.0,0.0,,0.0,,9.2,17.15,,,,,,,
12J990,2026-02-10,1020.3,1021.6,1022.2,2026-02-10 09:00:00,1017.8,2026-02-10 15:56:00,17.2,21.9,2026-02-10 16:03:00,13.1,2026-02-10 06:42:00,11.6,72,38,2026-02-10 13:33:00,1.9,30.0,6.7,30.0,2026-02-10 12:55:00,0.0,0.0,,0.0,,9.7,18.82,,,,,,,
12J990,2026-02-11,1020.3,1021.5,1021.6,2026-02-11 09:31:00,1018.3,2026-02-11 14:15:00,15.1,22.8,2026-02-11 11:28:00,13.2,2026-02-11 05:48:00,13.1,87,51,2026-02-11 11:16:00,0.5,200.0,12.0,30.0,2026-02-11 16:04:00,0.0,0.0,,0.0,,0.0,0.00,,,,,,,
12J990,2026-02-12,1018.5,1019.7,1020.7,2026-02-12 09:57:00,1017.0,2026-02-12 14:45:00,17.5,21.5,2026-02-12 13:10:00,14.4,2026-02-12 01:52:00,14.3,82,64,2026-02-12 12:29:00,3.7,30.0,10.1,30.0,2026-02-12 13:32:00,0.0,0.0,,0.0,,9.6,19.52,,,,,,,
12J990,2026-02-13,1016.4,1017.6,1018.0,2026-02-13 08:50:00,1014.3,2026-02-13 15:36:00,18.4,23.1,2026-02-13 13:40:00,14.9,2026-02-13 02:49:00,16.0,86,64,2026-02-13 13:44:00,1.7,320.0,6.3,40.0,2026-02-13 05:16:00,0.0,0.0,,0.0,,9.6,19.23,,,,,,,
12J990,2026-02-14,1015.3,1016.5,1016.8,2026-02-14 08:24:00,1013.5,2026-02-14 14:56:00,20.4,25.4,2026-02-14 10:50:00,15.1,2026-02-14 06:38:00,16.8,81,48,2026-02-14 10:44:00,1.8,280.0,6.6,300.0,2026-02-14 13:18:00,0.0,0.0,,0.0,,9.8,20.44,,,,,,,
12J990,2026-02-15,1015.0,1016.2,1016.8,2026-02-15 09:09:00,1013.3,2026-02-15 15:27:00,21.7,26.7,2026-02-15 11:34:00,17.0,2026-02-15 06:26:00,18.5,83,56,2026-02-15 11:30:00,1.9,320.0,7.3,300.0,2026-02-15 13:57:00,0.0,0.0,,0.0,,9.7,20.41,,,,,,,
12J990,2026-02-16,1015.0,1016.2,1016.6,2026-02-16 08:48:00,1012.8,2026-02-16 15:12:00,20.6,25.1,2026-02-16 12:03:00,18.7,2026-02-16 23:29:00,18.1,86,67,2026-02-16 12:29:00,3.8,30.0,12.7,30.0,2026-02-16 17:20:00,0.0,0.0,,0.0,,8.4,18.00,,,,,,,
12J990,2026-02-17,1017.5,1018.7,1019.6,2026-02-17 23:42:00,1015.4,2026-02-17 15:24:00,17.5,20.3,2026-02-17 10:37:00,15.3,2026-02-17 23:59:00,14.2,80,68,2026-02-17 10:17:00,6.1,30.0,13.9,20.0,2026-02-17 14:13:00,0.0,0.0,,0.0,,9.6,15.11,,,,,,,
12J990,2026-02-18,1019.9,1021.2,1021.6,2026-02-18 10:10:00,1018.1,2026-02-18 15:22:00,16.5,19.7,2026-02-18 13:56:00,14.8,2026-02-18 04:51:00,12.1,75,62,2026-02-18 13:19:00,6.2,30.0,15.6,40.0,2026-02-18 10:48:00,0.0,0.0,,0.0,,9.4,19.05,,,,,,,
12J990,2026-02-19,1020.4,1021.7,1022.3,2026-02-19 08:30:00,1018.3,2026-02-19 14:40:00,18.0,22.6,2026-02-19 13:20:00,14.7,2026-02-19 02:50:00,13.9,77,62,2026-02-19 13:37:00,2.5,20.0,9.8,20.0,2026-02-19 16:29:00,0.0,0.0,,0.0,,9.2,19.37,,,,,,,
12J990,2026-02-20,1017.4,1018.7,1020.7,2026-02-20 00:03:00,1014.7,2026-02-20 16:25:00,18.8,23.4,2026-02-20 12:11:00,15.8,2026-02-20 01:57:00,16.0,84,63,2026-02-20 11:39:00,2.2,20.0,6.8,310.0,2026-02-20 14:29:00,0.0,0.0,,0.0,,8.4,17.40,,,,,,,
12J990,2026-02-21,1012.5,1013.7,1015.4,2026-02-21 00:02:00,1009.8,2026-02-21 15:12:00,19.1,23.4,2026-02-21 11:33:00,14.5,2026-02-21 06:14:00,16.0,83,64,2026-02-21 15:11:00,1.6,40.0,6.5,300.0,2026-02-21 11:57:00,0.0,0.0,,0.0,,9.7,20.05,,,,,,,
12J990,2026-02-22,1011.2,1012.5,1013.3,2026-02-22 09:26:00,1009.2,2026-02-22 15:07:00,21.0,26.9,2026-02-22 11:38:00,16.2,2026-02-22 05:15:00,16.6,77,51,2026-02-22 12:06:00,2.3,30.0,8.2,20.0,2026-02-22 14:37:00,0.0,0.0,,0.0,,9.8,20.33,,,,,,,
12J990,2026-02-23,1012.4,1013.7,1014.0,2026-02-23 21:41:00,1011.1,2026-02-23 04:08:00,20.8,25.6,2026-02-23 12:19:00,17.3,2026-02-23 06:25:00,18.0,84,61,2026-02-23 10:19:00,2.5,30.0,10.3,20.0,2026-02-23 14:47:00,0.0,0.0,,0.0,,9.5,18.96,,,,,,,
12J990,2026-02-24,1013.1,1014.3,1014.1,2026-02-24 21:56:00,1012.0,2026-02-24 15:34:00,21.6,25.4,2026-02-24 13:00:00,18.9,2026-02-24 06:28:00,18.7,83,68,2026-02-24 13:02:00,2.5,40.0,7.3,30.0,2026-02-24 02:10:00,0.0,0.0,,0.0,,8.9,13.31,,,,,,,
12J990,2026-02-25,1013.1,1014.3,1014.3,2026-02-25 09:50:00,1011.2,2026-02-25 13:54:00,21.7,25.5,2026-02-25 12:26:00,19.4,2026-02-25 23:51:00,18.4,82,67,2026-02-25 11:30:00,4.3,30.0,13.8,20.0,2026-02-25 15:41:00,0.0,0.0,,0.0,,9.3,19.69,,,,,,,
12J990,2026-02-26,1011.0,1012.3,1013.8,2026-02-26 00:02:00,1008.1,2026-02-26 16:00:00,21.1,24.8,2026-02-26 11:33:00,18.2,2026-02-26 04:36:00,18.0,82,69,2026-02-26 11:34:00,2.3,320.0,6.4,20.0,2026-02-26 08:34:00,0.0,0.0,,0.0,,9.5,18.98,,,,,,,
12J990,2026-02-27,1009.4,1010.7,1010.9,2026-02-27 08:15:00,1007.0,2026-02-27 14:55:00,22.2,26.3,2026-02-27 09:57:00,19.9,2026-02-27 00:01:00,17.8,77,49,2026-02-27 10:21:00,3.6,20.0,10.8,40.0,2026-02-27 10:16:00,0.0,0.0,,0.0,,7.6,7.11,,,,,,,
12J990,2026-02-28,1011.3,1012.6,1013.4,2026-02-28 10:26:00,1009.6,2026-02-28 16:22:00,20.0,22.1,2026-02-28 13:35:00,18.5,2026-02-28 09:01:00,18.3,89,78,2026-02-28 14:15:00,3.7,30.0,9.1,20.0,2026-02-28 03:23:00,5.0,0.5,2026-02-28 09:56:00,2.0,2026-02-28 20:38:00,5.8,6.73,,,,,,,
12J990,2026-03-01,1009.7,1011.0,1012.0,2026-03-01 00:01:00,1007.6,2026-03-01 15:49:00,21.8,25.7,2026-03-01 15:57:00,19.2,2026-03-01 01:37:00,19.9,89,69,2026-03-01 15:58:00,1.9,50.0,6.6,300.0,2026-03-01 12:39:00,0.0,0.0,,0.0,,8.9,18.56,,,,,,,
12J990,2026-03-02,1009.9,1011.2,1011.6,2026-03-02 22:59:00,1008.3,2026-03-02 15:56:00,23.7,26.7,2026-03-02 13:09:00,20.9,2026-03-02 05:45:00,21.8,89,73,2026-03-02 12:56:00,2.0,270.0,6.6,300.0,2026-03-02 14:42:00,1.0,0.5,2026-03-02 01:08:00,0.5,2026-03-02 00:18:00,10.0,19.23,,,,,,,
12J990,2026-03-03,1012.7,1013.9,1015.3,2026-03-03 23:56:00,1009.8,2026-03-03 03:43:00,18.6,22.8,2026-03-03 00:04:00,16.2,2026-03-03 09:57:00,16.3,86,78,2026-03-03 16:38:00,4.8,30.0,13.7,30.0,2026-03-03 08:40:00,14.0,3.0,2026-03-03 07:41:00,8.5,2026-03-03 06:51:00,6.4,5.76,,,,,,,
12J990,2026-03-04,1014.4,1015.7,1016.5,2026-03-04 09:17:00,1012.3,2026-03-04 16:00:00,18.0,20.1,2026-03-04 14:40:00,15.5,2026-03-04 06:34:00,15.0,82,73,2026-03-04 12:08:00,4.3,20.0,13.1,40.0,2026-03-04 01:16:00,0.5,0.5,2026-03-04 08:15:00,0.5,2026-03-04 07:25:00,7.2,7.64,,,,,,,
12J990,2026-03-05,1013.8,1015.1,1015.1,2026-03-05 21:55:00,1012.6,2026-03-05 14:08:00,18.7,20.7,2026-03-05 13:37:00,17.4,2026-03-05 04:12:00,17.8,94,87,2026-03-05 13:20:00,2.6,20.0,8.3,20.0,2026-03-05 23:21:00,0.0,0.0,,0.0,,3.8,4.67,,,,,,,
12J990,2026-03-06,1014.6,1015.9,1016.9,2026-03-06 23:24:00,1012.0,2026-03-06 14:37:00,19.0,22.0,2026-03-06 10:47:00,16.4,2026-03-06 23:52:00,16.1,83,72,2026-03-06 14:42:00,6.6,20.0,19.6,20.0,2026-03-06 15:30:00,0.0,0.0,,0.0,,9.5,18.62,,,,,,,
12J990,2026-03-07,1017.4,1018.7,1019.3,2026-03-07 23:50:00,1015.5,2026-03-07 02:45:00,17.4,21.1,2026-03-07 13:03:00,14.9,2026-03-07 03:30:00,12.3,72,60,2026-03-07 10:32:00,6.4,20.0,16.1,20.0,2026-03-07 14:56:00,0.0,0.0,,0.0,,9.9,22.18,,,,,,,
12J990,2026-03-08,1018.5,1019.8,1020.4,2026-03-08 07:59:00,1016.4,2026-03-08 15:58:00,17.7,22.3,2026-03-08 12:24:00,13.1,2026-03-08 06:09:00,14.2,80,68,2026-03-08 12:25:00,4.5,30.0,13.8,20.0,2026-03-08 12:28:00,0.0,0.0,,0.0,,10.0,21.71,,,,,,,
12J990,2026-03-09,1019.9,1021.2,1021.3,2026-03-09 21:37:00,1018.4,2026-03-09 14:49:00,17.4,21.6,2026-03-09 10:58:00,15.0,2026-03-09 23:54:00,13.6,78,66,2026-03-09 12:12:00,5.5,30.0,17.9,20.0,2026-03-09 20:48:00,0.0,0.0,,0.0,,9.1,13.58,,,,,,,
12J990,2026-03-10,1019.7,1021.0,1021.3,2026-03-10 09:42:00,1018.4,2026-03-10 14:59:00,14.8,16.3,2026-03-10 13:30:00,13.1,2026-03-10 23:54:00,10.5,75,71,2026-03-10 06:14:00,5.8,30.0,16.6,40.0,2026-03-10 01:59:00,0.0,0.0,,0.0,,4.7,4.53,,,,,,,
12J990,2026-03-11,1017.0,1018.3,1019.8,2026-03-11 00:27:00,1014.4,2026-03-11 16:37:00,17.2,21.2,2026-03-11 12:23:00,12.9,2026-03-11 00:24:00,11.7,70,55,2026-03-11 11:48:00,5.1,30.0,13.0,20.0,2026-03-11 11:47:00,0.0,0.0,,0.0,,10.3,23.99,,,,,,,
12J990,2026-03-12,1017.5,1018.8,1019.6,2026-03-12 23:39:00,1015.8,2026-03-12 15:34:00,17.7,21.3,2026-03-12 11:54:00,15.5,2026-03-12 04:24:00,9.4,60,25,2026-03-12 22:21:00,6.9,30.0,18.9,20.0,2026-03-12 16:59:00,0.0,0.0,,0.0,,10.4,24.78,,,,,,,
12J990,2026-03-13,1020.2,1021.5,1021.8,2026-03-13 22:12:00,1018.5,2026-03-13 03:09:00,16.5,20.1,2026-03-13 12:07:00,13.4,2026-03-13 06:09:00,6.8,53,30,2026-03-13 00:01:00,6.9,30.0,17.0,50.0,2026-03-13 01:51:00,0.0,0.0,,0.0,,10.2,23.88,,,,,,,
12J990,2026-03-14,1021.6,1022.9,1023.6,2026-03-14 09:49:00,1020.1,2026-03-14 16:50:00,16.7,21.2,2026-03-14 12:38:00,11.5,2026-03-14 06:36:00,12.0,74,56,2026-03-14 12:39:00,2.3,50.0,8.9,20.0,2026-03-14 17:16:00,0.0,0.0,,0.0,,10.3,23.97,,,,,,,
12J990,2026-03-15,1020.4,1021.7,1023.2,2026-03-15 08:58:00,1018.1,2026-03-15 17:32:00,18.4,22.5,2026-03-15 14:17:00,13.9,2026-03-15 06:33:00,14.1,76,55,2026-03-15 14:50:00,1.5,320.0,7.4,290.0,2026-03-15 10:35:00,0.0,0.0,,0.0,,10.4,23.46,,,,,,,
12J990,2026-03-16,1017.8,1019.1,1019.9,2026-03-16 00:01:00,1015.4,2026-03-16 15:59:00,19.1,23.7,2026-03-16 14:46:00,15.5,2026-03-16 06:24:00,15.8,82,57,2026-03-16 14:41:00,2.1,320.0,8.4,30.0,2026-03-16 18:50:00,0.0,0.0,,0.0,,10.2,23.82,,,,,,,
12J990,2026-03-17,1016.4,1017.7,1018.2,2026-03-17 09:12:00,1014.1,2026-03-17 15:36:00,19.7,24.5,2026-03-17 15:55:00,16.1,2026-03-17 06:41:00,16.2,81,54,2026-03-17 11:31:00,1.9,40.0,6.5,300.0,2026-03-17 11:55:00,0.0,0.0,,0.0,,10.5,24.32,,,,,,,
12J990,2026-03-18,1014.7,1016.0,1016.9,2026-03-18 09:08:00,1012.1,2026-03-18 16:04:00,21.9,26.3,2026-03-18 12:10:00,16.4,2026-03-18 05:13:00,16.9,75,41,2026-03-18 11:42:00,2.0,270.0,8.5,250.0,2026-03-18 15:51:00,0.0,0.0,,0.0,,10.4,24.30,,,,,,,
12J990,2026-03-19,1014.1,1015.3,1015.8,2026-03-19 09:49:00,1012.3,2026-03-19 15:18:00,21.3,25.2,2026-03-19 10:58:00,18.6,2026-03-19 06:26:00,18.3,83,70,2026-03-19 10:37:00,2.9,20.0,10.4,20.0,2026-03-19 14:58:00,0.0,0.0,,0.0,,9.6,19.29,,,,,,,
12J990,2026-03-20,1015.3,1016.5,1017.3,2026-03-20 23:49:00,1013.7,2026-03-20 03:42:00,20.6,24.3,2026-03-20 12:51:00,18.2,2026-03-20 05:59:00,17.4,82,69,2026-03-20 13:23:00,3.8,30.0,9.7,20.0,2026-03-20 17:09:00,0.0,0.0,,0.0,,10.1,20.05,,,,,,,
12J990,2026-03-21,1015.9,1017.2,1017.4,2026-03-21 09:48:00,1014.4,2026-03-21 16:04:00,20.8,24.0,2026-03-21 11:21:00,18.3,2026-03-21 05:21:00,17.8,83,69,2026-03-21 10:23:00,4.0,30.0,11.2,30.0,2026-03-21 16:17:00,0.0,0.0,,0.0,,9.8,19.40,,,,,,,
12J990,2026-03-22,1014.8,1016.1,1016.4,2026-03-22 08:51:00,1013.3,2026-03-22 16:47:00,21.1,25.1,2026-03-22 12:37:00,18.0,2026-03-22 05:22:00,18.0,82,67,2026-03-22 11:19:00,2.4,30.0,6.9,30.0,2026-03-22 07:52:00,0.0,0.0,,0.0,,9.8,21.84,,,,,,,
12J990,2026-03-23,1013.6,1014.9,1015.1,2026-03-23 00:03:00,1012.0,2026-03-23 15:40:00,22.1,26.4,2026-03-23 11:49:00,18.5,2026-03-23 06:30:00,19.3,85,65,2026-03-23 10:05:00,1.9,30.0,7.6,30.0,2026-03-23 17:34:00,0.0,0.0,,0.0,,10.4,22.92,,,,,,,
12J990,2026-03-24,1013.4,1014.6,1013.7,2026-03-24 08:59:00,1009.9,2026-03-24 16:38:00,20.7,26.2,2026-03-24 13:15:00,20.7,2026-03-24 00:42:00,19.9,95,69,2026-03-24 12:46:00,1.3,20.0,7.5,290.0,2026-03-24 13:17:00,0.0,0.0,,0.0,,0.0,0.00,,,,,,,
12J990,2026-03-25,1011.5,1012.8,1013.0,2026-03-25 09:30:00,1010.0,2026-03-25 15:22:00,23.8,27.3,2026-03-25 11:29:00,20.7,2026-03-25 05:45:00,19.9,79,58,2026-03-25 15:13:00,2.4,20.0,8.8,30.0,2026-03-25 13:25:00,0.0,0.0,,0.0,,10.1,21.68,,,,,,,
12J990,2026-03-26,1011.7,1012.9,1012.8,2026-03-26 08:56:00,1010.0,2026-03-26 15:01:00,22.6,27.2,2026-03-26 11:44:00,19.4,2026-03-26 06:18:00,18.7,79,58,2026-03-26 11:45:00,2.6,20.0,8.3,290.0,2026-03-26 13:36:00,0.0,0.0,,0.0,,9.4,20.84,,,,,,,
12J990,2026-03-27,1011.0,1012.3,1013.0,2026-03-27 09:12:00,1008.7,2026-03-27 15:49:00,23.3,27.6,2026-03-27 13:35:00,21.3,2026-03-27 00:55:00,20.0,82,65,2026-03-27 13:36:00,2.8,30.0,8.7,30.0,2026-03-27 22:13:00,0.0,0.0,,0.0,,9.6,19.39,,,,,,,
12J990,2026-03-28,1011.3,1012.6,1013.3,2026-03-28 08:48:00,1009.3,2026-03-28 15:24:00,23.2,26.5,2026-03-28 14:46:00,20.9,2026-03-28 05:26:00,19.5,79,65,2026-03-28 10:42:00,2.7,30.0,8.2,20.0,2026-03-28 16:46:00,0.0,0.0,,0.0,,9.9,21.42,,,,,,,
12J990,2026-03-29,1010.8,1012.0,1012.6,2026-03-29 23:30:00,1007.8,2026-03-29 16:53:00,23.8,27.4,2026-03-29 11:31:00,21.7,2026-03-29 05:10:00,20.4,82,62,2026-03-29 15:46:00,2.1,310.0,7.9,290.0,2026-03-29 13:25:00,0.0,0.0,,0.0,,9.7,21.55,,,,,,,
12J990,2026-03-30,1010.4,1011.7,1012.6,2026-03-30 00:33:00,1008.6,2026-03-30 05:00:00,24.7,27.7,2026-03-30 14:04:00,21.1,2026-03-30 06:25:00,21.4,82,70,2026-03-30 13:06:00,2.7,230.0,11.8,260.0,2026-03-30 15:08:00,0.0,0.0,,0.0,,10.4,21.99,,,,,,,
12J990,2026-03-31,1010.2,1011.4,1012.0,2026-03-31 08:18:00,1007.5,2026-03-31 15:55:00,24.9,27.9,2026-03-31 12:12:00,21.2,2026-03-31 05:27:00,21.5,81,63,2026-03-31 12:13:00,2.9,240.0,10.0,240.0,2026-03-31 15:01:00,0.0,0.0,,0.0,,10.4,23.18,,,,,,,
12J990,2026-04-01,1011.7,1013.0,1014.0,2026-04-01 23:59:00,1009.0,2026-04-01 05:55:00,22.9,25.8,2026-04-01 09:09:00,19.8,2026-04-01 21:59:00,20.4,86,68,2026-04-01 23:02:00,2.7,20.0,6.7,120.0,2026-04-01 06:48:00,3.5,1.5,2026-04-01 10:03:00,2.5,2026-04-01 09:27:00,6.2,5.72,,,,,,,
12J990,2026-04-02,1013.1,1014.3,1015.0,2026-04-02 09:20:00,1010.6,2026-04-02 15:49:00,23.2,27.6,2026-04-02 11:42:00,19.8,2026-04-02 04:40:00,17.3,70,53,2026-04-02 11:44:00,2.4,20.0,7.7,30.0,2026-04-02 23:52:00,0.0,0.0,,0.0,,8.8,18.63,,,,,,,
12J990,2026-04-03,1008.8,1010.0,1013.3,2026-04-03 00:01:00,1005.0,2026-04-03 15:39:00,25.0,29.1,2026-04-03 13:51:00,20.8,2026-04-03 02:05:00,20.9,78,59,2026-04-03 13:43:00,3.9,210.0,13.6,220.0,2026-04-03 13:46:00,0.0,0.0,,0.0,,9.2,17.14,,,,,,,
12J990,2026-04-04,1007.2,1008.5,1009.2,2026-04-04 22:54:00,1005.6,2026-04-04 04:51:00,22.7,25.9,2026-04-04 03:27:00,19.9,2026-04-04 18:36:00,21.2,91,76,2026-04-04 03:44:00,3.3,190.0,15.2,240.0,2026-04-04 11:06:00,45.0,14.0,2026-04-04 17:10:00,21.5,2026-04-04 17:08:00,1.6,2.79,,,,,,,
12J990,2026-04-05,1008.8,1010.0,1010.3,2026-04-05 10:00:00,1007.2,2026-04-05 14:51:00,24.5,27.9,2026-04-05 14:18:00,20.6,2026-04-05 00:39:00,21.6,85,66,2026-04-05 14:00:00,2.5,200.0,8.9,250.0,2026-04-05 14:55:00,5.5,3.0,2026-04-05 23:05:00,5.5,2026-04-05 22:44:00,10.1,15.78,,,,,,,
12J990,2026-04-06,1008.7,1009.9,1010.2,2026-04-06 09:24:00,1007.2,2026-04-06 16:48:00,24.9,26.8,2026-04-06 14:21:00,22.8,2026-04-06 08:23:00,22.8,88,78,2026-04-06 14:18:00,3.4,190.0,11.5,200.0,2026-04-06 05:42:00,9.0,2.5,2026-04-06 08:04:00,5.5,2026-04-06 07:46:00,3.7,3.96,,,,,,,
12J990,2026-04-07,1010.1,1011.4,1012.4,2026-04-07 23:33:00,1008.1,2026-04-07 03:31:00,24.1,27.4,2026-04-07 12:57:00,21.0,2026-04-07 23:02:00,21.6,86,73,2026-04-07 12:59:00,3.2,220.0,12.8,20.0,2026-04-07 16:04:00,3.0,1.5,2026-04-07 15:10:00,3.0,2026-04-07 14:51:00,5.8,5.90,,,,,,,
12J990,2026-04-08,1012.5,1013.7,1014.5,2026-04-08 10:35:00,1010.9,2026-04-08 16:15:00,22.9,26.1,2026-04-08 13:38:00,20.7,2026-04-08 03:21:00,21.0,89,74,2026-04-08 13:10:00,2.3,30.0,7.2,20.0,2026-04-08 00:40:00,0.0,0.0,,0.0,,7.5,11.59,,,,,,,
12J990,2026-04-09,1010.9,1012.1,1013.1,2026-04-09 00:10:00,1008.3,2026-04-09 17:48:00,25.2,28.7,2026-04-09 13:10:00,21.8,2026-04-09 05:25:00,23.1,88,71,2026-04-09 13:00:00,3.1,220.0,10.6,230.0,2026-04-09 15:50:00,0.0,0.0,,0.0,,10.4,21.03,,,,,,,
12J990,2026-04-10,1010.4,1011.6,1012.1,2026-04-10 08:39:00,1008.6,2026-04-10 17:11:00,25.8,28.2,2026-04-10 12:20:00,22.9,2026-04-10 05:55:00,22.1,80,63,2026-04-10 12:15:00,3.1,240.0,8.6,250.0,2026-04-10 13:07:00,0.0,0.0,,0.0,,10.7,24.23,,,,,,,
12J990,2026-04-11,1009.8,1011.1,1011.2,2026-04-11 09:20:00,1008.0,2026-04-11 16:34:00,25.4,28.4,2026-04-11 11:04:00,22.0,2026-04-11 05:23:00,22.2,82,66,2026-04-11 12:43:00,3.1,230.0,10.4,240.0,2026-04-11 12:27:00,0.0,0.0,,0.0,,10.2,23.48,,,,,,,
12J990,2026-04-12,1010.2,1011.4,1011.7,2026-04-12 22:13:00,1008.5,2026-04-12 14:32:00,25.9,29.0,2026-04-12 13:54:00,22.9,2026-04-12 05:45:00,22.4,82,61,2026-04-12 14:24:00,2.9,210.0,10.8,240.0,2026-04-12 12:29:00,0.0,0.0,,0.0,,10.6,24.50,,,,,,,
12J990,2026-04-13,1011.4,1012.7,1013.3,2026-04-13 09:32:00,1009.7,2026-04-13 15:28:00,25.9,28.8,2026-04-13 12:09:00,21.9,2026-04-13 05:29:00,22.3,81,63,2026-04-13 11:59:00,2.6,240.0,8.6,260.0,2026-04-13 14:55:00,0.0,0.0,,0.0,,10.9,26.49,,,,,,,
12J990,2026-04-14,1010.9,1012.2,1012.8,2026-04-14 09:15:00,1008.8,2026-04-14 15:51:00,25.8,28.6,2026-04-14 12:08:00,22.7,2026-04-14 05:00:00,22.4,82,64,2026-04-14 11:35:00,2.6,240.0,9.2,250.0,2026-04-14 13:59:00,0.0,0.0,,0.0,,10.7,24.34,,,,,,,
12J990,2026-04-15,1009.6,1010.9,1011.3,2026-04-15 22:47:00,1007.7,2026-04-15 16:20:00,25.7,27.9,2026-04-15 11:51:00,23.4,2026-04-15 04:32:00,23.1,86,69,2026-04-15 11:45:00,2.2,270.0,8.5,260.0,2026-04-15 13:32:00,0.0,0.0,,0.0,,10.4,19.71,,,,,,,
12J990,2026-04-16,1010.4,1011.7,1011.9,2026-04-16 21:34:00,1009.1,2026-04-16 04:15:00,24.6,27.2,2026-04-16 13:57:00,22.9,2026-04-16 23:58:00,22.8,89,76,2026-04-16 13:59:00,1.9,20.0,6.1,300.0,2026-04-16 15:17:00,0.0,0.0,,0.0,,8.2,9.33,,,,,,,
12J990,2026-04-17,1010.5,1011.7,1011.7,2026-04-17 09:56:00,1008.6,2026-04-17 17:03:00,24.6,27.9,2026-04-17 12:00:00,21.8,2026-04-17 05:57:00,22.0,86,68,2026-04-17 14:10:00,1.9,310.0,8.4,300.0,2026-04-17 14:35:00,0.0,0.0,,0.0,,10.2,20.04,,,,,,,
12J990,2026-04-18,1010.1,1011.4,1011.3,2026-04-18 00:01:00,1008.9,2026-04-18 15:06:00,24.8,28.1,2026-04-18 12:50:00,22.2,2026-04-18 05:31:00,22.0,85,66,2026-04-18 10:48:00,1.8,290.0,7.5,300.0,2026-04-18 13:04:00,0.0,0.0,,0.0,,10.6,21.86,,,,,,,
12J990,2026-04-19,1010.3,1011.6,1011.8,2026-04-19 22:52:00,1008.6,2026-04-19 15:54:00,25.1,28.7,2026-04-19 10:46:00,22.6,2026-04-19 06:20:00,21.3,80,59,2026-04-19 10:44:00,2.1,40.0,7.9,20.0,2026-04-19 13:56:00,0.0,0.0,,0.0,,10.8,25.15,,,,,,,
12J990,2026-04-20,1011.7,1012.9,1013.3,2026-04-20 22:42:00,1009.9,2026-04-20 16:35:00,25.6,28.6,2026-04-20 16:31:00,22.9,2026-04-20 06:22:00,21.8,79,62,2026-04-20 16:54:00,1.3,290.0,7.8,290.0,2026-04-20 13:26:00,0.0,0.0,,0.0,,10.9,24.97,,,,,,,
12J990,2026-04-21,1011.2,1012.4,1013.0,2026-04-21 00:01:00,1009.2,2026-04-21 15:28:00,25.6,29.1,2026-04-21 10:17:00,22.8,2026-04-21 05:01:00,21.5,78,57,2026-04-21 12:16:00,2.0,310.0,7.3,300.0,2026-04-21 11:58:00,0.0,0.0,,0.0,,10.3,23.43,,,,,,,
12J990,2026-04-22,1008.1,1009.4,1010.6,2026-04-22 00:01:00,1006.1,2026-04-22 15:50:00,27.2,30.8,2026-04-22 12:13:00,24.1,2026-04-22 04:19:00,22.9,77,55,2026-04-22 10:30:00,3.6,220.0,13.5,210.0,2026-04-22 13:44:00,0.0,0.0,,0.0,,10.3,23.74,,,,,,,
12J990,2026-04-23,1008.0,1009.3,1010.2,2026-04-23 22:30:00,1006.4,2026-04-23 14:58:00,26.9,29.1,2026-04-23 12:45:00,24.9,2026-04-23 05:16:00,22.8,78,64,2026-04-23 10:21:00,3.0,230.0,8.8,250.0,2026-04-23 13:26:00,0.0,0.0,,0.0,,9.9,12.74,,,,,,,
12J990,2026-04-24,1011.3,1012.6,1014.8,2026-04-24 22:10:00,1008.5,2026-04-24 03:01:00,22.5,26.4,2026-04-24 00:42:00,20.3,2026-04-24 22:36:00,21.8,95,76,2026-04-24 01:19:00,2.5,30.0,9.0,30.0,2026-04-24 11:08:00,23.0,5.5,2026-04-24 11:00:00,15.5,2026-04-24 10:49:00,3.9,3.88,,,,,,,
12J990,2026-04-25,1013.5,1014.8,1015.1,2026-04-25 10:54:00,1011.9,2026-04-25 01:51:00,22.1,24.4,2026-04-25 15:31:00,20.0,2026-04-25 05:59:00,19.3,84,73,2026-04-25 16:19:00,2.6,30.0,6.7,40.0,2026-04-25 05:16:00,0.0,0.0,,0.0,,9.2,10.53,,,,,,,
12J990,2026-04-26,1012.0,1013.3,1013.9,2026-04-26 08:37:00,1009.9,2026-04-26 16:03:00,23.6,27.5,2026-04-26 14:18:00,20.5,2026-04-26 05:09:00,18.9,76,56,2026-04-26 15:52:00,2.3,30.0,8.6,30.0,2026-04-26 11:24:00,0.0,0.0,,0.0,,11.2,28.09,,,,,,,
12J990,2026-04-27,1012.2,1013.5,1014.3,2026-04-27 09:47:00,1010.3,2026-04-27 16:37:00,24.0,28.4,2026-04-27 14:32:00,19.4,2026-04-27 05:03:00,19.4,76,56,2026-04-27 14:33:00,1.4,320.0,5.8,300.0,2026-04-27 13:26:00,0.0,0.0,,0.0,,11.3,24.75,,,,,,,
12J990,2026-04-28,1010.8,1012.0,1012.2,2026-04-28 08:16:00,1008.6,2026-04-28 17:01:00,25.2,29.6,2026-04-28 14:57:00,20.5,2026-04-28 04:25:00,17.6,65,34,2026-04-28 13:51:00,1.5,20.0,5.8,40.0,2026-04-28 15:33:00,0.0,0.0,,0.0,,11.2,19.86,,,,,,,
12J990,2026-04-29,1010.0,1011.3,1012.9,2026-04-29 22:31:00,1008.1,2026-04-29 16:15:00,26.4,30.9,2026-04-29 12:38:00,22.4,2026-04-29 04:50:00,21.9,76,56,2026-04-29 09:33:00,3.1,220.0,14.6,220.0,2026-04-29 13:43:00,0.0,0.0,,0.0,,11.0,20.67,,,,,,,
12J990,2026-04-30,1012.5,1013.7,1014.1,2026-04-30 22:07:00,1010.3,2026-04-30 03:47:00,21.6,23.2,2026-04-30 00:01:00,20.3,2026-04-30 22:48:00,19.3,86,76,2026-04-30 17:58:00,4.5,30.0,11.8,20.0,2026-04-30 18:26:00,2.5,2.0,2026-04-30 10:21:00,2.0,2026-04-30 09:31:00,7.7,7.51,,,,,,,
12J990,2026-05-01,1013.0,1014.2,1014.8,2026-05-01 09:41:00,1011.3,2026-05-01 16:47:00,22.9,25.9,2026-05-01 14:10:00,20.4,2026-05-01 01:25:00,19.0,78,68,2026-05-01 14:10:00,3.7,20.0,10.8,30.0,2026-05-01 08:30:00,0.0,0.0,,0.0,,10.4,21.31,,,,,,,
12J990,2026-05-02,1011.0,1012.3,1013.1,2026-05-02 00:04:00,1008.8,2026-05-02 16:44:00,25.0,27.9,2026-05-02 14:44:00,22.1,2026-05-02 05:08:00,21.4,81,58,2026-05-02 12:21:00,1.6,290.0,7.5,300.0,2026-05-02 12:08:00,0.0,0.0,,0.0,,10.7,25.30,,,,,,,
12J990,2026-05-03,1009.6,1010.9,1011.6,2026-05-03 23:52:00,1007.8,2026-05-03 16:01:00,26.8,29.6,2026-05-03 11:13:00,23.9,2026-05-03 05:32:00,24.2,85,73,2026-05-03 10:58:00,2.5,210.0,9.4,230.0,2026-05-03 11:33:00,0.0,0.0,,0.0,,11.0,26.58,,,,,,,
12J990,2026-05-04,1012.5,1013.8,1014.1,2026-05-04 22:20:00,1011.0,2026-05-04 02:39:00,24.0,26.6,2026-05-04 13:07:00,21.2,2026-05-04 21:42:00,19.2,75,54,2026-05-04 12:41:00,4.4,20.0,15.3,40.0,2026-05-04 10:46:00,0.0,0.0,,0.0,,9.4,19.55,,,,,,,
12J990,2026-05-05,1012.7,1013.9,1014.4,2026-05-05 09:36:00,1011.3,2026-05-05 16:22:00,21.6,23.5,2026-05-05 11:12:00,20.5,2026-05-05 18:11:00,20.5,93,83,2026-05-05 11:03:00,2.3,20.0,6.6,40.0,2026-05-05 18:21:00,15.0,3.5,2026-05-05 17:33:00,7.5,2026-05-05 17:32:00,5.4,4.92,,,,,,,
12J990,2026-05-06,1011.4,1012.7,1012.8,2026-05-06 00:14:00,1010.0,2026-05-06 16:25:00,23.8,27.3,2026-05-06 11:32:00,20.8,2026-05-06 04:17:00,21.8,89,74,2026-05-06 11:40:00,2.3,350.0,7.8,20.0,2026-05-06 14:17:00,11.0,4.5,2026-05-06 00:18:00,8.0,2026-05-06 23:59:00,10.3,25.65,,,,,,,
12J990,2026-05-07,1010.8,1012.1,1012.6,2026-05-07 08:37:00,1008.9,2026-05-07 15:51:00,25.4,30.2,2026-05-07 12:14:00,22.8,2026-05-07 04:42:00,22.9,86,68,2026-05-07 12:04:00,1.6,60.0,6.9,300.0,2026-05-07 13:34:00,0.0,0.0,,0.0,,11.3,26.38,,,,,,,
12J990,2026-05-08,1011.4,1012.7,1013.2,2026-05-08 22:46:00,1009.8,2026-05-08 15:55:00,25.4,29.6,2026-05-08 12:33:00,22.2,2026-05-08 23:51:00,22.4,83,60,2026-05-08 12:18:00,3.1,20.0,12.7,20.0,2026-05-08 18:45:00,0.0,0.0,,0.0,,10.7,25.97,,,,,,,
12J990,2026-05-09,1012.7,1013.9,1014.0,2026-05-09 09:08:00,1011.5,2026-05-09 16:42:00,23.3,26.3,2026-05-09 13:18:00,21.5,2026-05-09 03:23:00,19.9,81,69,2026-05-09 13:42:00,4.7,20.0,12.1,20.0,2026-05-09 14:39:00,0.0,0.0,,0.0,,10.6,24.06,,,,,,,
12J990,2026-05-10,1012.0,1013.2,1013.3,2026-05-10 09:31:00,1010.7,2026-05-10 15:10:00,24.1,26.7,2026-05-10 11:17:00,21.8,2026-05-10 04:59:00,21.6,86,75,2026-05-10 15:03:00,2.7,20.0,9.1,20.0,2026-05-10 17:00:00,0.0,0.0,,0.0,,10.6,21.05,,,,,,,
12J990,2026-05-11,1010.1,1011.4,1012.2,2026-05-11 07:59:00,1008.4,2026-05-11 23:42:00,24.9,28.6,2026-05-11 11:47:00,22.4,2026-05-11 04:18:00,22.4,86,72,2026-05-11 11:50:00,2.0,30.0,7.4,300.0,2026-05-11 13:56:00,0.0,0.0,,0.0,,11.0,23.90,,,,,,,
12J990,2026-05-12,1007.4,1008.7,1009.4,2026-05-12 08:51:00,1005.5,2026-05-12 16:57:00,25.9,28.8,2026-05-12 13:16:00,23.3,2026-05-12 05:25:00,22.6,82,66,2026-05-12 13:25:00,1.4,320.0,6.8,340.0,2026-05-12 11:11:00,0.0,0.0,,0.0,,10.9,24.38,,,,,,,
12J990,2026-05-13,1006.6,1007.8,1008.6,2026-05-13 10:50:00,1005.1,2026-05-13 16:48:00,26.1,28.7,2026-05-13 12:56:00,23.9,2026-05-13 04:22:00,22.5,80,61,2026-05-13 11:22:00,1.3,310.0,6.1,290.0,2026-05-13 15:52:00,0.0,0.0,,0.0,,9.8,21.24,,,,,,,
12J990,2026-05-14,1007.1,1008.4,1008.9,2026-05-14 22:08:00,1005.1,2026-05-14 02:35:00,24.6,27.7,2026-05-14 10:38:00,22.5,2026-05-14 17:03:00,23.4,93,78,2026-05-14 10:09:00,1.6,10.0,8.5,20.0,2026-05-14 14:13:00,36.0,4.5,2026-05-14 13:27:00,13.5,2026-05-14 13:06:00,4.7,5.87,,,,,,,
12J990,2026-05-15,1008.2,1009.5,1009.8,2026-05-15 09:58:00,1006.6,2026-05-15 15:38:00,25.8,29.1,2026-05-15 12:30:00,23.0,2026-05-15 01:55:00,23.5,87,69,2026-05-15 13:15:00,2.0,360.0,8.7,20.0,2026-05-15 13:43:00,0.0,0.0,,0.0,,10.6,22.08,,,,,,,
12J990,2026-05-16,1009.5,1010.7,1010.9,2026-05-16 22:57:00,1008.0,2026-05-16 01:49:00,26.8,30.6,2026-05-16 10:17:00,24.4,2026-05-16 05:42:00,23.2,81,56,2026-05-16 10:15:00,1.7,290.0,6.9,280.0,2026-05-16 12:56:00,0.0,0.0,,0.0,,10.3,19.27,,,,,,,
12J990,2026-05-17,1009.8,1011.0,1010.8,2026-05-17 09:14:00,1008.5,2026-05-17 17:21:00,26.9,29.7,2026-05-17 17:29:00,24.3,2026-05-17 05:49:00,22.8,78,62,2026-05-17 17:31:00,1.9,170.0,6.3,280.0,2026-05-17 12:23:00,0.0,0.0,,0.0,,11.2,27.03,,,,,,,
12J990,2026-05-18,1009.5,1010.8,1011.0,2026-05-18 10:14:00,1008.2,2026-05-18 16:30:00,26.3,28.4,2026-05-18 12:08:00,24.9,2026-05-18 05:20:00,23.1,82,69,2026-05-18 10:27:00,2.4,240.0,8.4,250.0,2026-05-18 13:33:00,0.0,0.0,,0.0,,10.8,26.34,,,,,,,
12J990,2026-05-19,1009.1,1010.3,1010.3,2026-05-19 10:00:00,1008.1,2026-05-19 16:53:00,25.8,28.6,2026-05-19 16:49:00,24.0,2026-05-19 04:30:00,22.8,83,67,2026-05-19 16:50:00,2.1,280.0,6.6,280.0,2026-05-19 10:56:00,0.0,0.0,,0.0,,10.2,21.31,,,,,,,
12J990,2026-05-20,1008.7,1009.9,1010.2,2026-05-20 22:23:00,1007.4,2026-05-20 16:04:00,27.0,29.9,2026-05-20 13:31:00,24.1,2026-05-20 03:29:00,23.4,81,66,2026-05-20 12:41:00,2.8,240.0,10.4,230.0,2026-05-20 14:44:00,0.0,0.0,,0.0,,11.4,26.21,,,,,,,
12J990,2026-05-21,1010.6,1011.9,1012.0,2026-05-21 08:58:00,1009.5,2026-05-21 00:59:00,27.7,30.0,2026-05-21 09:52:00,24.9,2026-05-21 05:28:00,24.6,83,59,2026-05-21 11:24:00,1.9,270.0,6.1,260.0,2026-05-21 11:41:00,0.0,0.0,,0.0,,10.7,18.07,,,,,,,
12J990,2026-05-22,1010.2,1011.5,1011.3,2026-05-22 08:03:00,1008.8,2026-05-22 17:40:00,28.1,30.9,2026-05-22 10:26:00,26.5,2026-05-22 05:24:00,25.2,84,64,2026-05-22 10:10:00,2.0,270.0,8.3,280.0,2026-05-22 13:13:00,0.0,0.0,,0.0,,10.6,21.28,,,,,,,
12J990,2026-05-23,1009.8,1011.1,1011.3,2026-05-23 08:38:00,1008.4,2026-05-23 16:06:00,28.1,30.2,2026-05-23 12:43:00,25.9,2026-05-23 06:10:00,24.7,82,60,2026-05-23 14:14:00,2.4,240.0,6.0,230.0,2026-05-23 09:02:00,0.0,0.0,,0.0,,11.1,19.08,,,,,,,
12J990,2026-05-24,1009.5,1010.8,1011.8,2026-05-24 08:36:00,1008.2,2026-05-24 16:49:00,28.5,30.9,2026-05-24 11:52:00,26.5,2026-05-24 02:00:00,25.4,83,68,2026-05-24 12:12:00,2.5,240.0,8.1,230.0,2026-05-24 13:23:00,0.0,0.0,,0.0,,11.0,24.89,,,,,,,
12J990,2026-05-25,1008.1,1009.4,1010.8,2026-05-25 08:33:00,1006.5,2026-05-25 23:58:00,28.8,30.9,2026-05-25 14:39:00,26.3,2026-05-25 05:39:00,25.4,82,69,2026-05-25 13:19:00,2.9,260.0,8.3,260.0,2026-05-25 15:35:00,0.0,0.0,,0.0,,11.7,25.77,,,,,,,
12J990,2026-05-26,1007.2,1008.5,1009.2,2026-05-26 09:38:00,1005.4,2026-05-26 16:17:00,28.9,31.7,2026-05-26 11:33:00,26.5,2026-05-26 04:02:00,25.2,80,63,2026-05-26 11:34:00,2.8,240.0,9.6,260.0,2026-05-26 14:17:00,0.0,0.0,,0.0,,11.3,23.82,,,,,,,
12J990,2026-05-27,1007.9,1009.2,1009.5,2026-05-27 08:57:00,1005.9,2026-05-27 17:18:00,28.9,31.3,2026-05-27 13:50:00,26.9,2026-05-27 06:09:00,26.0,84,72,2026-05-27 15:36:00,3.0,210.0,8.7,260.0,2026-05-27 11:50:00,0.0,0.0,,0.0,,10.2,24.93,,,,,,,
12J990,2026-05-28,1008.3,1009.5,1010.1,2026-05-28 10:21:00,1006.1,2026-05-28 16:53:00,28.7,31.2,2026-05-28 11:48:00,26.1,2026-05-28 05:26:00,26.0,85,71,2026-05-28 11:48:00,2.8,170.0,10.3,230.0,2026-05-28 14:58:00,0.0,0.0,,0.0,,11.3,25.75,,,,,,,
12J990,2026-05-29,1007.9,1009.1,1009.6,2026-05-29 07:58:00,1005.0,2026-05-29 16:19:00,28.8,32.6,2026-05-29 11:29:00,26.4,2026-05-29 23:44:00,25.6,83,70,2026-05-29 11:28:00,2.2,20.0,8.5,30.0,2026-05-29 15:49:00,1.0,0.5,2026-05-29 04:57:00,1.0,2026-05-29 04:24:00,11.3,27.66,,,,,,,
12J990,2026-05-30,1007.2,1008.5,1008.7,2026-05-30 00:02:00,1005.2,2026-05-30 16:51:00,27.9,32.0,2026-05-30 13:46:00,25.1,2026-05-30 23:32:00,23.4,76,64,2026-05-30 13:40:00,2.6,30.0,11.0,30.0,2026-05-30 17:06:00,0.0,0.0,,0.0,,10.9,23.35,,,,,,,
12J990,2026-05-31,1006.8,1008.0,1008.1,2026-05-31 09:45:00,1005.0,2026-05-31 17:11:00,26.3,29.6,2026-05-31 13:48:00,22.9,2026-05-31 05:08:00,20.9,72,52,2026-05-31 11:18:00,4.4,20.0,13.2,30.0,2026-05-31 15:02:00,0.0,0.0,,0.0,,11.6,27.78,,,,,,,
12J990,2026-06-01,1006.5,1007.7,1008.2,2026-06-01 09:08:00,1004.7,2026-06-01 17:01:00,26.5,30.3,2026-06-01 11:58:00,22.4,2026-06-01 03:32:00,22.3,78,63,2026-06-01 10:59:00,2.6,30.0,9.0,10.0,2026-06-01 14:27:00,0.0,0.0,,0.0,,11.1,27.84,,,,,,,
12J990,2026-06-02,1006.1,1007.3,1007.2,2026-06-02 08:50:00,1004.5,2026-06-02 17:21:00,27.8,31.3,2026-06-02 16:45:00,25.2,2026-06-02 05:01:00,22.5,74,37,2026-06-02 15:59:00,1.9,280.0,8.7,270.0,2026-06-02 12:18:00,0.0,0.0,,0.0,,11.5,27.09,,,,,,,
12J990,2026-06-03,1004.8,1006.1,1006.4,2026-06-03 08:31:00,1002.5,2026-06-03 16:12:00,28.6,31.3,2026-06-03 12:31:00,25.1,2026-06-03 04:48:00,24.3,77,62,2026-06-03 10:49:00,3.1,250.0,9.7,230.0,2026-06-03 13:12:00,0.0,0.0,,0.0,,11.6,28.20,,,,,,,
12J990,2026-06-04,1003.2,1004.5,1004.3,2026-06-04 09:43:00,1001.7,2026-06-04 23:31:00,27.2,30.1,2026-06-04 13:26:00,25.2,2026-06-04 19:15:00,25.3,90,76,2026-06-04 13:39:00,3.5,190.0,10.9,220.0,2026-06-04 14:17:00,15.5,2.0,2026-06-04 08:49:00,4.0,2026-06-04 08:48:00,7.2,15.63,,,,,,,
12J990,2026-06-05,1003.2,1004.4,1005.3,2026-06-05 22:42:00,1002.0,2026-06-05 16:39:00,27.0,29.5,2026-06-05 13:07:00,24.9,2026-06-05 03:14:00,25.3,90,78,2026-06-05 13:08:00,2.1,330.0,8.2,210.0,2026-06-05 00:22:00,5.5,2.0,2026-06-05 03:10:00,3.0,2026-06-05 02:32:00,8.5,13.90,,,,,,,
12J990,2026-06-06,1006.3,1007.5,1008.0,2026-06-06 22:07:00,1004.2,2026-06-06 01:18:00,27.9,32.0,2026-06-06 13:32:00,25.1,2026-06-06 05:12:00,25.0,84,65,2026-06-06 13:34:00,2.2,270.0,6.2,290.0,2026-06-06 17:33:00,1.5,1.0,2026-06-06 03:24:00,1.5,2026-06-06 02:46:00,10.8,22.09,,,,,,,
12J990,2026-06-07,1005.8,1007.0,1007.6,2026-06-07 08:55:00,1003.5,2026-06-07 16:43:00,28.5,31.8,2026-06-07 11:19:00,24.8,2026-06-07 23:45:00,25.3,82,64,2026-06-07 12:33:00,3.7,180.0,11.5,170.0,2026-06-07 23:31:00,5.5,3.0,2026-06-07 23:43:00,4.5,2026-06-07 22:59:00,11.0,24.65,,,,,,,
12J990,2026-06-08,1003.7,1004.9,1005.7,2026-06-08 09:04:00,1000.7,2026-06-08 16:37:00,26.1,29.3,2026-06-08 17:06:00,24.9,2026-06-08 11:02:00,25.4,95,80,2026-06-08 17:08:00,3.2,160.0,9.7,160.0,2026-06-08 00:01:00,46.5,6.5,2026-06-08 22:35:00,13.0,2026-06-08 21:45:00,7.5,8.70,,,,,,,
12J990,2026-06-09,1002.7,1003.9,1004.3,2026-06-09 21:03:00,1001.4,2026-06-09 12:02:00,25.4,27.4,2026-06-09 11:57:00,24.4,2026-06-09 09:08:00,24.9,97,90,2026-06-09 11:59:00,3.5,170.0,11.5,220.0,2026-06-09 12:21:00,128.0,8.5,2026-06-09 20:55:00,22.0,2026-06-09 22:54:00,2.5,3.73,,,,,,,
12J990,2026-06-10,1006.3,1007.6,1010.2,2026-06-10 22:54:00,1001.8,2026-06-10 04:06:00,25.2,27.0,2026-06-10 15:12:00,23.8,2026-06-10 23:58:00,23.7,91,81,2026-06-10 15:13:00,3.8,20.0,10.8,20.0,2026-06-10 12:37:00,20.5,12.5,2026-06-10 05:16:00,20.5,2026-06-10 04:32:00,9.5,14.48,,,,,,,
12J990,2026-06-11,1010.6,1011.8,1012.4,2026-06-11 23:02:00,1008.5,2026-06-11 02:01:00,25.4,28.1,2026-06-11 12:17:00,23.2,2026-06-11 01:18:00,23.2,87,74,2026-06-11 12:22:00,2.4,20.0,7.7,20.0,2026-06-11 11:48:00,0.0,0.0,,0.0,,10.2,15.51,,,,,,,
12J990,2026-06-12,1011.0,1012.3,1012.2,2026-06-12 08:49:00,1009.8,2026-06-12 16:20:00,25.6,27.2,2026-06-12 15:23:00,24.2,2026-06-12 02:43:00,24.8,95,85,2026-06-12 15:41:00,1.3,30.0,4.7,330.0,2026-06-12 13:01:00,0.5,0.5,2026-06-12 12:28:00,0.5,2026-06-12 11:38:00,8.1,8.11,,,,,,,
12J990,2026-06-13,1008.7,1009.9,1010.6,2026-06-13 07:58:00,1006.9,2026-06-13 22:50:00,27.0,29.0,2026-06-13 13:43:00,25.1,2026-06-13 04:10:00,23.8,83,69,2026-06-13 15:04:00,1.9,290.0,6.5,230.0,2026-06-13 23:56:00,0.0,0.0,,0.0,,11.4,26.70,,,,,,,
12J990,2026-06-14,1007.0,1008.2,1008.6,2026-06-14 22:20:00,1005.7,2026-06-14 04:17:00,25.8,29.1,2026-06-14 09:22:00,23.8,2026-06-14 17:54:00,24.3,91,75,2026-06-14 09:27:00,3.5,170.0,12.2,180.0,2026-06-14 13:21:00,51.0,8.5,2026-06-14 15:38:00,19.5,2026-06-14 15:24:00,2.5,3.90,,,,,,,
12J990,2026-06-15,1007.9,1009.1,1010.3,2026-06-15 22:26:00,1005.8,2026-06-15 05:10:00,24.8,25.6,2026-06-15 14:14:00,24.1,2026-06-15 10:18:00,24.0,95,87,2026-06-15 23:55:00,3.1,170.0,7.7,170.0,2026-06-15 17:47:00,19.0,1.5,2026-06-15 08:30:00,7.5,2026-06-15 09:07:00,4.4,4.81,,,,,,,
12J990,2026-06-16,1009.1,1010.4,1010.3,2026-06-16 22:24:00,1007.4,2026-06-16 03:54:00,26.0,28.9,2026-06-16 11:56:00,24.3,2026-06-16 18:23:00,24.0,89,75,2026-06-16 09:26:00,3.0,180.0,14.5,240.0,2026-06-16 14:43:00,14.5,6.0,2026-06-16 14:44:00,7.0,2026-06-16 09:48:00,6.5,6.67,,,,,,,
12J990,2026-06-17,1010.5,1011.8,1012.0,2026-06-17 21:59:00,1009.0,2026-06-17 03:00:00,28.5,31.9,2026-06-17 13:12:00,25.9,2026-06-17 00:01:00,24.9,81,64,2026-06-17 13:04:00,3.5,190.0,10.3,210.0,2026-06-17 13:04:00,0.0,0.0,,0.0,,9.4,20.39,,,,,,,
12J990,2026-06-18,1010.8,1012.0,1012.2,2026-06-18 21:52:00,1009.6,2026-06-18 14:25:00,28.6,30.7,2026-06-18 12:15:00,26.3,2026-06-18 05:56:00,26.2,87,76,2026-06-18 11:15:00,2.8,210.0,10.0,230.0,2026-06-18 15:35:00,0.0,0.0,,0.0,,10.6,27.85,,,,,,,
12J990,2026-06-19,1010.1,1011.4,1011.3,2026-06-19 22:05:00,1009.1,2026-06-19 16:50:00,28.7,31.1,2026-06-19 14:55:00,25.6,2026-06-19 05:37:00,25.6,84,65,2026-06-19 13:46:00,2.9,230.0,10.3,240.0,2026-06-19 14:30:00,0.0,0.0,,0.0,,11.9,28.90,,,,,,,
12J990,2026-06-20,1010.4,1011.6,1011.5,2026-06-20 10:45:00,1009.4,2026-06-20 02:27:00,28.2,30.2,2026-06-20 12:33:00,25.6,2026-06-20 05:12:00,25.2,84,66,2026-06-20 13:51:00,2.2,250.0,6.8,260.0,2026-06-20 12:11:00,0.0,0.0,,0.0,,11.7,27.89,,,,,,,
12J990,2026-06-21,1009.3,1010.5,1010.8,2026-06-21 06:42:00,1007.4,2026-06-21 18:09:00,27.8,29.9,2026-06-21 11:32:00,25.2,2026-06-21 04:58:00,25.3,86,73,2026-06-21 10:05:00,2.4,260.0,7.8,250.0,2026-06-21 14:23:00,0.0,0.0,,0.0,,11.9,28.86,,,,,,,
12J990,2026-06-22,1005.9,1007.1,1008.0,2026-06-22 06:29:00,1003.6,2026-06-22 17:13:00,28.3,29.9,2026-06-22 11:10:00,25.5,2026-06-22 05:10:00,25.3,83,74,2026-06-22 17:46:00,2.8,210.0,8.9,240.0,2026-06-22 14:57:00,0.0,0.0,,0.0,,11.9,28.14,,,,,,,
12J990,2026-06-23,1003.4,1004.6,1004.3,2026-06-23 10:45:00,1002.3,2026-06-23 16:30:00,28.9,31.0,2026-06-23 12:52:00,26.1,2026-06-23 04:58:00,25.5,82,63,2026-06-23 10:15:00,2.7,230.0,8.3,250.0,2026-06-23 15:07:00,0.0,0.0,,0.0,,11.2,27.67,,,,,,,
12J990,2026-06-24,1002.7,1003.9,1004.3,2026-06-24 22:56:00,1000.6,2026-06-24 15:53:00,29.1,30.7,2026-06-24 12:08:00,27.4,2026-06-24 05:08:00,26.7,87,80,2026-06-24 16:15:00,2.6,250.0,7.7,270.0,2026-06-24 16:17:00,0.0,0.0,,0.0,,10.5,23.83,,,,,,,
12J990,2026-06-25,1003.0,1004.2,1004.7,2026-06-25 22:12:00,1001.6,2026-06-25 02:22:00,27.5,29.6,2026-06-25 08:12:00,24.7,2026-06-25 23:52:00,26.1,92,82,2026-06-25 14:23:00,3.0,260.0,10.6,280.0,2026-06-25 13:22:00,99.0,11.5,2026-06-25 20:52:00,43.5,2026-06-25 20:20:00,6.5,7.27,,,,,,,
12J990,2026-06-26,1003.9,1005.2,1005.3,2026-06-26 21:16:00,1002.3,2026-06-26 01:48:00,25.7,26.9,2026-06-26 16:55:00,24.3,2026-06-26 01:13:00,25.0,96,88,2026-06-26 20:14:00,3.0,160.0,9.6,120.0,2026-06-26 00:27:00,45.0,8.5,2026-06-26 00:08:00,22.5,2026-06-26 23:59:00,3.1,4.95,,,,,,,
12J990,2026-06-27,1005.4,1006.6,1007.1,2026-06-27 21:58:00,1003.4,2026-06-27 03:06:00,25.6,27.8,2026-06-27 16:03:00,24.3,2026-06-27 08:06:00,24.8,95,84,2026-06-27 16:07:00,3.0,170.0,9.4,180.0,2026-06-27 04:40:00,105.0,9.0,2026-06-27 07:38:00,24.0,2026-06-27 07:19:00,4.1,5.04,,,,,,,
12J990,2026-06-28,1006.7,1007.9,1008.6,2026-06-28 23:05:00,1005.1,2026-06-28 01:41:00,28.3,31.1,2026-06-28 13:37:00,24.9,2026-06-28 02:32:00,25.8,86,69,2026-06-28 12:59:00,1.9,240.0,7.6,240.0,2026-06-28 13:56:00,0.0,0.0,,0.0,,10.2,20.75,,,,,,,
