測站,恆春工作站
測站代碼,觀測時間,平均氣壓(hPa),海平面氣壓(hPa),日最高氣壓(hPa),最高氣壓時間,日最低氣壓(hPa),最低氣壓時間,平均氣溫(℃),最高氣溫(℃),最高氣溫時間,最低氣溫(℃),最低氣溫時間,平均露點溫度(℃),平均相對溼度( %),最低相對溼度( %),最低相對溼度時間,平均風速(m/s),平均風向(°),最大瞬間風風速(m/s),最大瞬間風風向(°),最大瞬間風風速時間,累計雨量(mm),最大10分鐘降水量(mm),最大10分鐘降水量起始時間,最大60分鐘降水量(mm),最大60分鐘降水量起始時間,累積日照時數(hr),累積日射量(MJ/m2),累積蒸發量(mm),平均地溫0cm(℃),平均地溫5cm(℃),平均地溫10cm(℃),平均地溫20cm(℃),平均地溫50cm(℃),平均地溫100cm(℃)
12Q980,2026-01-01,1012.1,1014.0,1015.8,2026-01-01 23:59:00,1009.2,2026-01-01 04:26:00,22.0,25.5,2026-01-01 11:28:00,20.1,2026-01-01 23:26:00,15.5,66,56,2026-01-01 11:21:00,7.5,60.0,19.9,70.0,2026-01-01 18:59:00,0.0,0.0,,0.0,,7.2,11.80,,,,,,,
12Q980,2026-01-02,1017.7,1019.5,1020.5,2026-01-02 22:37:00,1015.5,2026-01-02 03:52:00,19.3,21.8,2026-01-02 12:39:00,16.9,2026-01-02 23:41:00,12.1,63,55,2026-01-02 13:40:00,8.1,60.0,23.0,60.0,2026-01-02 23:55:00,0.0,0.0,,0.0,,9.0,15.41,,,,,,,
12Q980,2026-01-03,1020.0,1021.9,1022.0,2026-01-03 10:16:00,1018.3,2026-01-03 15:30:00,18.0,20.8,2026-01-03 13:18:00,16.0,2026-01-03 05:49:00,9.9,59,50,2026-01-03 13:19:00,11.9,60.0,22.7,80.0,2026-01-03 01:33:00,0.0,0.0,,0.0,,9.2,18.76,,,,,,,
12Q980,2026-01-04,1019.0,1020.9,1021.0,2026-01-04 10:02:00,1017.4,2026-01-04 14:28:00,19.7,22.6,2026-01-04 12:20:00,17.1,2026-01-04 00:09:00,10.3,55,41,2026-01-04 11:05:00,6.4,70.0,21.3,60.0,2026-01-04 00:55:00,0.0,0.0,,0.0,,9.3,18.93,,,,,,,
12Q980,2026-01-05,1017.0,1018.9,1018.8,2026-01-05 09:04:00,1015.0,2026-01-05 14:34:00,20.0,24.3,2026-01-05 14:02:00,14.2,2026-01-05 06:48:00,12.8,64,44,2026-01-05 13:28:00,2.2,310.0,10.4,50.0,2026-01-05 22:15:00,0.0,0.0,,0.0,,9.3,18.57,,,,,,,
12Q980,2026-01-06,1017.7,1019.6,1019.4,2026-01-06 22:03:00,1016.2,2026-01-06 05:09:00,19.6,22.1,2026-01-06 10:44:00,16.5,2026-01-06 23:52:00,13.8,69,57,2026-01-06 10:45:00,4.2,60.0,18.6,50.0,2026-01-06 08:18:00,0.0,0.0,,0.0,,6.0,9.96,,,,,,,
12Q980,2026-01-07,1019.0,1020.9,1020.8,2026-01-07 10:08:00,1017.0,2026-01-07 15:55:00,16.3,17.4,2026-01-07 14:57:00,14.9,2026-01-07 03:32:00,11.6,74,59,2026-01-07 23:59:00,6.0,60.0,20.9,50.0,2026-01-07 18:57:00,0.0,0.0,,0.0,,1.5,2.51,,,,,,,
12Q980,2026-01-08,1018.9,1020.8,1021.1,2026-01-08 09:53:00,1017.0,2026-01-08 15:10:00,17.9,20.0,2026-01-08 13:45:00,16.9,2026-01-08 23:30:00,10.1,60,55,2026-01-08 11:18:00,11.2,60.0,22.9,40.0,2026-01-08 22:52:00,0.0,0.0,,0.0,,7.9,10.93,,,,,,,
12Q980,2026-01-09,1018.3,1020.2,1020.3,2026-01-09 09:37:00,1016.5,2026-01-09 14:55:00,17.7,19.8,2026-01-09 12:25:00,16.5,2026-01-09 03:06:00,10.1,61,54,2026-01-09 11:48:00,9.7,60.0,20.5,60.0,2026-01-09 00:29:00,0.0,0.0,,0.0,,8.1,13.43,,,,,,,
12Q980,2026-01-10,1016.9,1018.9,1019.3,2026-01-10 23:31:00,1014.8,2026-01-10 14:28:00,19.6,22.1,2026-01-10 12:32:00,16.0,2026-01-10 03:31:00,12.9,65,56,2026-01-10 12:34:00,5.4,70.0,16.9,50.0,2026-01-10 10:46:00,0.0,0.0,,0.0,,7.8,10.48,,,,,,,
12Q980,2026-01-11,1018.4,1020.3,1020.4,2026-01-11 21:11:00,1016.1,2026-01-11 14:19:00,19.0,20.6,2026-01-11 12:28:00,17.3,2026-01-11 23:59:00,11.4,61,50,2026-01-11 12:25:00,13.6,60.0,27.8,60.0,2026-01-11 10:35:00,0.0,0.0,,0.0,,8.5,15.81,,,,,,,
12Q980,2026-01-12,1018.1,1020.0,1020.4,2026-01-12 09:07:00,1016.0,2026-01-12 14:49:00,18.8,21.4,2026-01-12 13:42:00,16.7,2026-01-12 23:15:00,11.3,62,52,2026-01-12 11:11:00,8.5,70.0,23.0,50.0,2026-01-12 04:25:00,0.0,0.0,,0.0,,8.5,11.45,,,,,,,
12Q980,2026-01-13,1015.8,1017.7,1017.6,2026-01-13 00:01:00,1013.8,2026-01-13 14:48:00,19.7,24.1,2026-01-13 13:11:00,14.0,2026-01-13 05:38:00,14.0,70,55,2026-01-13 13:11:00,5.4,60.0,18.8,60.0,2026-01-13 22:20:00,0.0,0.0,,0.0,,8.7,13.06,,,,,,,
12Q980,2026-01-14,1015.1,1017.0,1016.8,2026-01-14 10:12:00,1012.5,2026-01-14 14:53:00,21.3,23.4,2026-01-14 13:07:00,19.7,2026-01-14 02:54:00,13.1,59,53,2026-01-14 09:26:00,10.8,70.0,22.1,70.0,2026-01-14 10:13:00,0.0,0.0,,0.0,,9.3,18.80,,,,,,,
12Q980,2026-01-15,1013.4,1015.2,1015.4,2026-01-15 00:03:00,1011.3,2026-01-15 23:37:00,22.1,24.6,2026-01-15 13:11:00,20.2,2026-01-15 04:58:00,14.3,61,53,2026-01-15 08:10:00,8.3,70.0,15.8,50.0,2026-01-15 23:04:00,0.0,0.0,,0.0,,8.2,14.69,,,,,,,
12Q980,2026-01-16,1010.7,1012.6,1011.9,2026-01-16 21:03:00,1009.0,2026-01-16 14:44:00,23.0,26.0,2026-01-16 14:17:00,21.4,2026-01-16 21:56:00,17.1,70,57,2026-01-16 14:32:00,7.0,70.0,15.5,50.0,2026-01-16 10:44:00,0.0,0.0,,0.0,,6.5,10.01,,,,,,,
12Q980,2026-01-17,1010.0,1011.8,1011.9,2026-01-17 09:13:00,1008.2,2026-01-17 16:25:00,21.8,24.0,2026-01-17 14:28:00,20.3,2026-01-17 07:38:00,16.3,71,58,2026-01-17 22:48:00,7.1,70.0,19.6,50.0,2026-01-17 21:55:00,0.0,0.0,,0.0,,8.0,13.75,,,,,,,
12Q980,2026-01-18,1009.3,1011.2,1011.1,2026-01-18 09:30:00,1007.8,2026-01-18 13:56:00,22.7,26.1,2026-01-18 13:25:00,21.0,2026-01-18 04:58:00,15.6,64,44,2026-01-18 14:05:00,7.9,70.0,18.5,70.0,2026-01-18 10:12:00,0.0,0.0,,0.0,,8.5,17.62,,,,,,,
12Q980,2026-01-19,1010.6,1012.4,1011.9,2026-01-19 09:46:00,1009.4,2026-01-19 13:49:00,22.5,25.6,2026-01-19 12:51:00,20.8,2026-01-19 06:03:00,14.9,62,49,2026-01-19 10:52:00,6.4,60.0,18.0,70.0,2026-01-19 09:31:00,0.0,0.0,,0.0,,8.2,15.84,,,,,,,
12Q980,2026-01-20,1012.9,1014.8,1014.9,2026-01-20 23:58:00,1010.5,2026-01-20 13:26:00,21.0,23.4,2026-01-20 10:17:00,19.2,2026-01-20 22:46:00,13.6,62,49,2026-01-20 00:21:00,8.0,60.0,22.9,50.0,2026-01-20 13:30:00,0.0,0.0,,0.0,,9.0,19.16,,,,,,,
12Q980,2026-01-21,1016.5,1018.4,1018.3,2026-01-21 21:54:00,1014.2,2026-01-21 02:40:00,19.2,21.6,2026-01-21 13:21:00,17.7,2026-01-21 23:20:00,11.4,60,52,2026-01-21 12:43:00,11.0,60.0,22.5,60.0,2026-01-21 08:29:00,0.0,0.0,,0.0,,9.4,19.12,,,,,,,
12Q980,2026-01-22,1019.0,1020.9,1020.4,2026-01-22 09:17:00,1017.0,2026-01-22 01:17:00,18.8,20.8,2026-01-22 12:32:00,17.3,2026-01-22 05:57:00,11.2,61,50,2026-01-22 10:40:00,8.4,60.0,21.0,60.0,2026-01-22 07:48:00,0.0,0.0,,0.0,,9.4,14.12,,,,,,,
12Q980,2026-01-23,1019.9,1021.8,1021.6,2026-01-23 09:03:00,1018.1,2026-01-23 15:31:00,19.7,23.1,2026-01-23 11:56:00,17.6,2026-01-23 06:30:00,12.7,64,47,2026-01-23 11:39:00,5.0,60.0,15.2,80.0,2026-01-23 10:06:00,0.5,0.5,2026-01-23 18:33:00,0.5,2026-01-23 17:43:00,8.5,16.97,,,,,,,
12Q980,2026-01-24,1019.1,1021.1,1021.0,2026-01-24 09:29:00,1017.5,2026-01-24 15:24:00,19.9,22.2,2026-01-24 13:59:00,16.7,2026-01-24 06:11:00,15.3,75,65,2026-01-24 09:57:00,3.2,70.0,10.1,70.0,2026-01-24 21:03:00,0.0,0.0,,0.0,,8.4,9.80,,,,,,,
12Q980,2026-01-25,1018.3,1020.2,1020.5,2026-01-25 09:07:00,1015.9,2026-01-25 15:15:00,20.6,23.7,2026-01-25 13:33:00,18.0,2026-01-25 06:12:00,16.4,77,63,2026-01-25 13:34:00,6.7,70.0,16.9,70.0,2026-01-25 14:33:00,1.0,1.0,2026-01-25 08:11:00,1.0,2026-01-25 07:21:00,7.5,13.14,,,,,,,
12Q980,2026-01-26,1017.7,1019.6,1019.3,2026-01-26 09:15:00,1016.1,2026-01-26 15:06:00,21.4,24.6,2026-01-26 13:12:00,19.0,2026-01-26 23:40:00,16.5,74,58,2026-01-26 11:30:00,4.6,70.0,14.9,50.0,2026-01-26 08:02:00,0.0,0.0,,0.0,,8.8,14.13,,,,,,,
12Q980,2026-01-27,1016.7,1018.6,1018.3,2026-01-27 09:39:00,1015.1,2026-01-27 14:48:00,21.9,25.8,2026-01-27 13:59:00,18.7,2026-01-27 04:18:00,16.8,73,57,2026-01-27 13:57:00,3.0,70.0,14.3,60.0,2026-01-27 22:02:00,1.0,1.0,2026-01-27 16:51:00,1.0,2026-01-27 16:01:00,9.0,12.92,,,,,,,
12Q980,2026-01-28,1017.1,1019.0,1019.4,2026-01-28 23:41:00,1016.6,2026-01-28 18:22:00,21.1,21.5,2026-01-28 17:20:00,19.1,2026-01-28 23:26:00,14.8,67,66,2026-01-28 17:20:00,9.0,70.0,19.6,40.0,2026-01-28 21:52:00,0.0,0.0,,0.0,,6.2,13.83,,,,,,,
12Q980,2026-01-29,1017.7,1019.6,1019.6,2026-01-29 08:53:00,1015.9,2026-01-29 14:13:00,20.3,22.8,2026-01-29 11:04:00,17.6,2026-01-29 03:30:00,15.1,72,60,2026-01-29 10:21:00,10.3,70.0,23.5,60.0,2026-01-29 10:30:00,0.0,0.0,,0.0,,9.2,15.44,,,,,,,
12Q980,2026-01-30,1017.9,1019.8,1019.8,2026-01-30 08:48:00,1016.1,2026-01-30 14:18:00,21.4,24.2,2026-01-30 13:41:00,19.8,2026-01-30 22:14:00,16.4,73,61,2026-01-30 13:18:00,8.2,70.0,20.5,50.0,2026-01-30 01:39:00,0.0,0.0,,0.0,,8.2,11.52,,,,,,,
12Q980,2026-01-31,1017.3,1019.2,1019.1,2026-01-31 09:14:00,1015.8,2026-01-31 15:09:00,22.6,27.0,2026-01-31 12:04:00,20.0,2026-01-31 03:36:00,17.9,75,56,2026-01-31 12:05:00,3.0,70.0,21.2,50.0,2026-01-31 23:45:00,0.5,0.5,2026-01-31 13:08:00,0.5,2026-01-31 12:18:00,8.1,13.04,,,,,,,
12Q980,2026-02-01,1017.8,1019.6,1019.9,2026-02-01 23:15:00,1014.9,2026-02-01 04:19:00,21.1,22.7,2026-02-01 14:56:00,19.8,2026-02-01 06:48:00,14.5,66,56,2026-02-01 11:56:00,9.2,60.0,25.0,60.0,2026-02-01 06:16:00,0.0,0.0,,0.0,,9.4,12.76,,,,,,,
12Q980,2026-02-02,1019.1,1021.0,1021.2,2026-02-02 09:29:00,1017.3,2026-02-02 13:52:00,21.8,24.8,2026-02-02 11:27:00,20.2,2026-02-02 04:51:00,15.0,65,54,2026-02-02 11:30:00,7.9,60.0,23.9,60.0,2026-02-02 22:16:00,0.0,0.0,,0.0,,9.5,18.13,,,,,,,
12Q980,2026-02-03,1019.3,1021.2,1021.2,2026-02-03 09:39:00,1018.0,2026-02-03 02:52:00,20.5,22.6,2026-02-03 12:08:00,19.5,2026-02-03 07:00:00,13.9,66,56,2026-02-03 11:54:00,12.2,70.0,26.5,50.0,2026-02-03 10:45:00,0.0,0.0,,0.0,,8.7,17.44,,,,,,,
12Q980,2026-02-04,1017.1,1018.9,1019.4,2026-02-04 09:05:00,1014.8,2026-02-04 16:14:00,21.5,23.8,2026-02-04 12:17:00,19.6,2026-02-04 01:29:00,16.0,71,60,2026-02-04 09:53:00,7.9,70.0,18.5,70.0,2026-02-04 00:20:00,0.0,0.0,,0.0,,8.8,11.73,,,,,,,
12Q980,2026-02-05,1014.9,1016.8,1017.0,2026-02-05 09:17:00,1012.6,2026-02-05 14:41:00,23.5,26.6,2026-02-05 14:28:00,20.8,2026-02-05 02:01:00,19.0,76,61,2026-02-05 14:30:00,3.6,70.0,11.5,60.0,2026-02-05 00:40:00,0.0,0.0,,0.0,,9.2,13.59,,,,,,,
12Q980,2026-02-06,1013.3,1015.2,1015.4,2026-02-06 09:19:00,1010.6,2026-02-06 15:18:00,23.9,28.2,2026-02-06 12:37:00,19.5,2026-02-06 23:29:00,19.3,77,51,2026-02-06 12:38:00,2.0,130.0,9.2,220.0,2026-02-06 11:59:00,0.0,0.0,,0.0,,8.9,16.55,,,,,,,
12Q980,2026-02-07,1014.4,1016.3,1017.8,2026-02-07 23:47:00,1012.3,2026-02-07 14:15:00,20.5,22.8,2026-02-07 14:35:00,18.7,2026-02-07 23:56:00,16.0,76,62,2026-02-07 14:49:00,10.2,60.0,26.2,40.0,2026-02-07 22:04:00,0.0,0.0,,0.0,,6.3,13.66,,,,,,,
12Q980,2026-02-08,1019.3,1021.2,1022.0,2026-02-08 22:27:00,1015.9,2026-02-08 03:08:00,17.7,20.0,2026-02-08 10:07:00,14.8,2026-02-08 23:47:00,10.4,62,55,2026-02-08 11:22:00,14.0,60.0,27.3,60.0,2026-02-08 11:22:00,0.0,0.0,,0.0,,9.0,18.23,,,,,,,
12Q980,2026-02-09,1019.7,1021.7,1022.7,2026-02-09 08:49:00,1017.4,2026-02-09 14:27:00,17.3,19.8,2026-02-09 14:22:00,14.6,2026-02-09 01:44:00,8.9,58,46,2026-02-09 12:02:00,10.6,60.0,24.9,50.0,2026-02-09 00:30:00,0.0,0.0,,0.0,,8.4,19.57,,,,,,,
12Q980,2026-02-10,1018.8,1020.7,1020.7,2026-02-10 07:14:00,1016.5,2026-02-10 14:40:00,20.4,23.8,2026-02-10 12:32:00,15.1,2026-02-10 06:05:00,12.7,61,50,2026-02-10 12:19:00,4.7,70.0,16.7,70.0,2026-02-10 00:51:00,0.0,0.0,,0.0,,9.6,20.15,,,,,,,
12Q980,2026-02-11,1018.4,1020.3,1019.7,2026-02-11 09:45:00,1016.7,2026-02-11 15:11:00,20.5,25.7,2026-02-11 14:54:00,18.3,2026-02-11 03:27:00,13.8,65,51,2026-02-11 15:26:00,1.9,80.0,18.1,60.0,2026-02-11 23:56:00,0.0,0.0,,0.0,,0.0,0.00,,,,,,,
12Q980,2026-02-12,1016.7,1018.6,1018.8,2026-02-12 09:37:00,1015.5,2026-02-12 03:47:00,22.2,25.4,2026-02-12 13:02:00,20.5,2026-02-12 23:51:00,16.0,68,56,2026-02-12 12:40:00,8.6,70.0,19.2,60.0,2026-02-12 03:26:00,0.0,0.0,,0.0,,9.7,19.50,,,,,,,
12Q980,2026-02-13,1015.1,1017.0,1017.3,2026-02-13 10:41:00,1013.3,2026-02-13 15:28:00,22.1,24.6,2026-02-13 13:17:00,20.9,2026-02-13 10:40:00,17.3,74,67,2026-02-13 13:33:00,7.5,70.0,17.2,50.0,2026-02-13 21:54:00,0.0,0.0,,0.0,,7.4,10.97,,,,,,,
12Q980,2026-02-14,1014.3,1016.1,1016.5,2026-02-14 09:11:00,1012.5,2026-02-14 15:48:00,23.9,26.6,2026-02-14 13:01:00,22.0,2026-02-14 06:32:00,17.7,68,56,2026-02-14 13:21:00,7.3,70.0,17.3,50.0,2026-02-14 02:40:00,0.0,0.0,,0.0,,9.6,21.98,,,,,,,
12Q980,2026-02-15,1014.0,1015.9,1015.8,2026-02-15 08:24:00,1012.3,2026-02-15 15:20:00,24.4,27.0,2026-02-15 12:07:00,22.8,2026-02-15 01:55:00,18.9,71,59,2026-02-15 12:08:00,7.3,70.0,17.3,50.0,2026-02-15 10:48:00,0.0,0.0,,0.0,,9.6,19.36,,,,,,,
12Q980,2026-02-16,1013.5,1015.4,1015.1,2026-02-16 08:52:00,1011.6,2026-02-16 15:40:00,24.2,26.8,2026-02-16 10:41:00,22.6,2026-02-16 03:30:00,19.2,73,59,2026-02-16 15:48:00,2.9,60.0,12.5,80.0,2026-02-16 00:12:00,0.0,0.0,,0.0,,9.0,19.59,,,,,,,
12Q980,2026-02-17,1015.5,1017.3,1017.5,2026-02-17 22:08:00,1013.5,2026-02-17 02:55:00,22.8,25.1,2026-02-17 11:55:00,21.2,2026-02-17 22:12:00,17.6,72,63,2026-02-17 10:52:00,5.4,60.0,15.8,50.0,2026-02-17 16:44:00,0.0,0.0,,0.0,,8.6,14.74,,,,,,,
12Q980,2026-02-18,1017.8,1019.7,1019.3,2026-02-18 21:47:00,1016.1,2026-02-18 02:41:00,21.3,24.5,2026-02-18 13:52:00,18.9,2026-02-18 21:04:00,15.2,68,57,2026-02-18 13:27:00,9.1,60.0,21.2,70.0,2026-02-18 23:07:00,0.0,0.0,,0.0,,9.3,21.10,,,,,,,
12Q980,2026-02-19,1019.0,1020.9,1020.8,2026-02-19 06:58:00,1017.3,2026-02-19 15:36:00,20.9,23.6,2026-02-19 13:10:00,18.7,2026-02-19 00:18:00,14.3,66,57,2026-02-19 09:44:00,7.2,70.0,25.0,60.0,2026-02-19 00:22:00,0.0,0.0,,0.0,,9.2,20.69,,,,,,,
12Q980,2026-02-20,1016.0,1017.9,1019.9,2026-02-20 00:04:00,1013.3,2026-02-20 15:38:00,21.3,25.1,2026-02-20 13:35:00,15.7,2026-02-20 06:43:00,16.1,73,55,2026-02-20 11:55:00,3.1,60.0,10.8,60.0,2026-02-20 21:25:00,0.0,0.0,,0.0,,9.5,21.19,,,,,,,
12Q980,2026-02-21,1011.4,1013.3,1014.5,2026-02-21 00:01:00,1009.0,2026-02-21 15:31:00,22.8,26.1,2026-02-21 15:30:00,20.6,2026-02-21 23:47:00,17.0,69,58,2026-02-21 15:31:00,2.9,70.0,9.6,50.0,2026-02-21 08:12:00,0.0,0.0,,0.0,,8.6,10.50,,,,,,,
12Q980,2026-02-22,1009.7,1011.6,1010.8,2026-02-22 10:15:00,1008.1,2026-02-22 15:05:00,23.6,27.2,2026-02-22 14:49:00,19.4,2026-02-22 07:15:00,18.5,73,57,2026-02-22 10:29:00,3.8,60.0,19.7,50.0,2026-02-22 23:45:00,0.5,0.5,2026-02-22 04:05:00,0.5,2026-02-22 03:15:00,9.7,22.42,,,,,,,
12Q980,2026-02-23,1010.8,1012.6,1012.6,2026-02-23 22:36:00,1008.9,2026-02-23 04:16:00,23.6,25.7,2026-02-23 12:31:00,22.6,2026-02-23 04:48:00,17.4,68,63,2026-02-23 12:33:00,11.5,70.0,23.6,70.0,2026-02-23 09:16:00,0.0,0.0,,0.0,,9.0,17.89,,,,,,,
12Q980,2026-02-24,1011.7,1013.6,1013.4,2026-02-24 10:24:00,1010.1,2026-02-24 02:34:00,25.0,27.6,2026-02-24 15:16:00,22.8,2026-02-24 02:34:00,19.2,70,61,2026-02-24 12:44:00,6.1,70.0,19.0,70.0,2026-02-24 00:13:00,0.0,0.0,,0.0,,10.0,16.46,,,,,,,
12Q980,2026-02-25,1011.5,1013.4,1013.3,2026-02-25 08:32:00,1009.3,2026-02-25 15:01:00,24.2,27.3,2026-02-25 12:56:00,20.4,2026-02-25 06:14:00,19.2,74,62,2026-02-25 12:57:00,7.2,60.0,19.1,70.0,2026-02-25 21:45:00,0.0,0.0,,0.0,,9.8,19.14,,,,,,,
12Q980,2026-02-26,1009.6,1011.5,1011.7,2026-02-26 08:29:00,1007.3,2026-02-26 16:26:00,24.4,27.9,2026-02-26 11:30:00,21.5,2026-02-26 23:47:00,19.2,73,56,2026-02-26 11:30:00,4.7,70.0,16.1,50.0,2026-02-26 07:25:00,0.0,0.0,,0.0,,8.6,19.41,,,,,,,
12Q980,2026-02-27,1007.6,1009.4,1009.2,2026-02-27 08:46:00,1005.2,2026-02-27 15:33:00,24.7,27.8,2026-02-27 15:29:00,20.5,2026-02-27 04:01:00,20.5,77,61,2026-02-27 14:19:00,3.3,70.0,16.3,60.0,2026-02-27 23:09:00,0.0,0.0,,0.0,,9.7,19.80,,,,,,,
12Q980,2026-02-28,1009.4,1011.3,1011.4,2026-02-28 10:28:00,1007.8,2026-02-28 04:06:00,23.2,26.3,2026-02-28 12:52:00,21.3,2026-02-28 18:56:00,18.7,76,60,2026-02-28 12:40:00,9.1,70.0,22.5,70.0,2026-02-28 08:41:00,0.0,0.0,,0.0,,6.8,9.50,,,,,,,
12Q980,2026-03-01,1009.1,1010.9,1009.7,2026-03-01 23:41:00,1007.6,2026-03-01 15:30:00,24.1,26.2,2026-03-01 15:55:00,22.8,2026-03-01 23:59:00,19.8,77,71,2026-03-01 15:56:00,6.8,70.0,11.1,70.0,2026-03-01 16:07:00,0.0,0.0,,0.0,,8.3,18.50,,,,,,,
12Q980,2026-03-02,1008.9,1010.8,1010.2,2026-03-02 23:57:00,1007.6,2026-03-02 17:27:00,25.7,26.2,2026-03-02 17:27:00,23.6,2026-03-02 23:59:00,22.8,84,81,2026-03-02 17:58:00,2.8,310.0,8.2,310.0,2026-03-02 17:38:00,0.0,0.0,,0.0,,8.5,19.88,,,,,,,
12Q980,2026-03-03,1010.9,1012.8,1013.4,2026-03-03 22:27:00,1008.9,2026-03-03 05:20:00,22.4,24.8,2026-03-03 04:21:00,19.0,2026-03-03 11:25:00,18.1,76,67,2026-03-03 23:48:00,10.9,70.0,25.3,50.0,2026-03-03 11:02:00,4.5,2.0,2026-03-03 11:05:00,4.5,2026-03-03 10:39:00,9.0,15.64,,,,,,,
12Q980,2026-03-04,1012.3,1014.1,1013.8,2026-03-04 10:02:00,1009.9,2026-03-04 16:07:00,22.3,23.9,2026-03-04 14:17:00,20.4,2026-03-04 06:10:00,15.9,67,58,2026-03-04 14:17:00,10.6,70.0,23.4,50.0,2026-03-04 05:05:00,0.0,0.0,,0.0,,8.4,9.65,,,,,,,
12Q980,2026-03-05,1012.4,1014.3,1013.8,2026-03-05 10:59:00,1010.3,2026-03-05 05:42:00,22.4,25.6,2026-03-05 14:35:00,20.5,2026-03-05 04:22:00,17.6,74,50,2026-03-05 14:46:00,2.9,70.0,15.2,70.0,2026-03-05 05:42:00,0.0,0.0,,0.0,,8.5,10.48,,,,,,,
12Q980,2026-03-06,1012.5,1014.4,1013.9,2026-03-06 21:30:00,1010.8,2026-03-06 14:36:00,23.0,28.0,2026-03-06 13:23:00,18.7,2026-03-06 03:28:00,17.6,72,50,2026-03-06 13:24:00,4.8,60.0,23.3,60.0,2026-03-06 22:23:00,0.0,0.0,,0.0,,8.7,20.59,,,,,,,
12Q980,2026-03-07,1014.5,1016.3,1016.5,2026-03-07 10:12:00,1011.8,2026-03-07 03:44:00,22.5,25.3,2026-03-07 12:32:00,20.8,2026-03-07 05:38:00,14.9,62,53,2026-03-07 11:35:00,13.8,60.0,24.9,50.0,2026-03-07 05:44:00,0.0,0.0,,0.0,,10.3,24.90,,,,,,,
12Q980,2026-03-08,1016.9,1018.8,1018.8,2026-03-08 09:33:00,1014.9,2026-03-08 15:25:00,22.3,25.9,2026-03-08 12:36:00,20.5,2026-03-08 19:59:00,16.5,70,57,2026-03-08 12:46:00,7.3,70.0,22.6,60.0,2026-03-08 00:08:00,0.0,0.0,,0.0,,9.0,20.56,,,,,,,
12Q980,2026-03-09,1018.0,1019.9,1018.1,2026-03-09 23:26:00,1017.3,2026-03-09 23:57:00,21.6,20.5,2026-03-09 23:58:00,20.2,2026-03-09 23:43:00,16.7,74,63,2026-03-09 23:58:00,5.7,70.0,24.1,60.0,2026-03-09 23:57:00,0.0,0.0,,0.0,,6.9,16.09,,,,,,,
12Q980,2026-03-10,1017.1,1019.1,1018.6,2026-03-10 09:14:00,1016.0,2026-03-10 03:11:00,20.8,23.2,2026-03-10 12:21:00,19.9,2026-03-10 02:37:00,12.5,59,49,2026-03-10 13:42:00,9.5,60.0,24.2,50.0,2026-03-10 04:59:00,0.0,0.0,,0.0,,9.6,13.23,,,,,,,
12Q980,2026-03-11,1015.2,1017.1,1017.6,2026-03-11 00:24:00,1013.3,2026-03-11 15:59:00,21.8,25.5,2026-03-11 11:50:00,19.4,2026-03-11 05:41:00,14.6,63,53,2026-03-11 08:49:00,5.5,60.0,18.6,40.0,2026-03-11 20:58:00,0.0,0.0,,0.0,,9.6,17.83,,,,,,,
12Q980,2026-03-12,1015.5,1017.4,1018.6,2026-03-12 23:57:00,1013.4,2026-03-12 15:46:00,21.8,26.0,2026-03-12 12:13:00,18.1,2026-03-12 23:59:00,14.4,63,50,2026-03-12 10:33:00,7.8,60.0,22.8,50.0,2026-03-12 18:53:00,0.0,0.0,,0.0,,10.1,22.15,,,,,,,
12Q980,2026-03-13,1019.4,1021.3,1021.4,2026-03-13 22:22:00,1016.8,2026-03-13 03:40:00,19.5,22.5,2026-03-13 15:17:00,17.4,2026-03-13 05:38:00,9.3,52,39,2026-03-13 12:06:00,6.5,50.0,21.5,50.0,2026-03-13 02:46:00,0.0,0.0,,0.0,,9.8,25.68,,,,,,,
12Q980,2026-03-14,1020.7,1022.6,1022.5,2026-03-14 09:02:00,1019.4,2026-03-14 16:11:00,21.0,24.3,2026-03-14 13:42:00,18.2,2026-03-14 05:39:00,10.9,52,39,2026-03-14 11:41:00,4.6,60.0,16.0,90.0,2026-03-14 09:30:00,0.0,0.0,,0.0,,10.3,22.94,,,,,,,
12Q980,2026-03-15,1019.2,1021.1,1019.1,2026-03-15 21:39:00,1017.2,2026-03-15 15:42:00,22.3,25.3,2026-03-15 13:26:00,21.8,2026-03-15 20:04:00,12.5,54,47,2026-03-15 13:27:00,3.3,70.0,12.4,70.0,2026-03-15 13:48:00,0.0,0.0,,0.0,,9.0,17.66,,,,,,,
12Q980,2026-03-16,1016.9,1018.8,1018.8,2026-03-16 09:39:00,1014.7,2026-03-16 16:09:00,22.4,25.6,2026-03-16 13:29:00,20.3,2026-03-16 06:00:00,14.2,60,46,2026-03-16 14:02:00,5.2,70.0,15.1,70.0,2026-03-16 10:53:00,0.0,0.0,,0.0,,8.4,21.59,,,,,,,
12Q980,2026-03-17,1015.4,1017.2,1017.2,2026-03-17 00:13:00,1012.8,2026-03-17 15:07:00,23.1,26.5,2026-03-17 12:43:00,20.7,2026-03-17 02:45:00,15.0,61,45,2026-03-17 11:13:00,6.5,70.0,16.1,60.0,2026-03-17 10:13:00,0.0,0.0,,0.0,,10.3,25.55,,,,,,,
12Q980,2026-03-18,1014.1,1016.0,1016.3,2026-03-18 09:12:00,1011.9,2026-03-18 16:45:00,23.5,28.4,2026-03-18 12:47:00,19.3,2026-03-18 04:33:00,17.7,70,50,2026-03-18 10:52:00,2.4,70.0,9.1,70.0,2026-03-18 08:27:00,0.0,0.0,,0.0,,10.3,21.49,,,,,,,
12Q980,2026-03-19,1012.8,1014.7,1014.7,2026-03-19 09:14:00,1010.9,2026-03-19 15:09:00,23.9,26.9,2026-03-19 14:27:00,19.4,2026-03-19 06:04:00,19.5,77,60,2026-03-19 10:55:00,2.2,350.0,10.6,60.0,2026-03-19 23:57:00,0.0,0.0,,0.0,,9.9,24.23,,,,,,,
12Q980,2026-03-20,1013.6,1015.5,1015.3,2026-03-20 09:59:00,1011.8,2026-03-20 04:48:00,24.0,26.6,2026-03-20 14:08:00,21.2,2026-03-20 23:35:00,19.0,74,58,2026-03-20 09:10:00,3.9,70.0,14.9,60.0,2026-03-20 05:16:00,0.0,0.0,,0.0,,10.4,23.51,,,,,,,
12Q980,2026-03-21,1014.4,1016.3,1014.7,2026-03-21 20:47:00,1013.3,2026-03-21 17:00:00,23.6,26.0,2026-03-21 16:58:00,23.3,2026-03-21 23:59:00,19.4,78,70,2026-03-21 17:00:00,1.8,60.0,7.0,40.0,2026-03-21 22:19:00,0.0,0.0,,0.0,,8.4,20.58,,,,,,,
12Q980,2026-03-22,1013.6,1015.5,1015.3,2026-03-22 09:37:00,1012.0,2026-03-22 14:57:00,23.8,27.2,2026-03-22 14:25:00,20.4,2026-03-22 04:58:00,20.4,81,62,2026-03-22 08:54:00,1.9,130.0,9.6,50.0,2026-03-22 08:21:00,0.0,0.0,,0.0,,9.5,20.91,,,,,,,
12Q980,2026-03-23,1012.7,1014.6,1014.3,2026-03-23 08:04:00,1011.1,2026-03-23 15:07:00,24.3,26.8,2026-03-23 15:44:00,22.5,2026-03-23 05:34:00,20.8,81,67,2026-03-23 15:01:00,2.1,100.0,7.9,130.0,2026-03-23 13:28:00,0.0,0.0,,0.0,,8.7,10.39,,,,,,,
12Q980,2026-03-24,1012.2,1014.1,1013.0,2026-03-24 09:30:00,1009.1,2026-03-24 14:28:00,22.2,28.8,2026-03-24 12:52:00,21.4,2026-03-24 03:26:00,20.4,89,54,2026-03-24 15:19:00,2.2,120.0,8.5,180.0,2026-03-24 13:15:00,0.0,0.0,,0.0,,0.0,0.00,,,,,,,
12Q980,2026-03-25,1010.6,1012.5,1012.0,2026-03-25 09:15:00,1009.1,2026-03-25 03:59:00,25.3,27.8,2026-03-25 12:30:00,23.6,2026-03-25 23:47:00,21.1,77,64,2026-03-25 10:59:00,3.6,310.0,17.7,60.0,2026-03-25 23:41:00,0.0,0.0,,0.0,,10.4,22.69,,,,,,,
12Q980,2026-03-26,1010.7,1012.6,1012.0,2026-03-26 22:07:00,1008.9,2026-03-26 14:58:00,24.1,26.9,2026-03-26 12:33:00,22.5,2026-03-26 23:58:00,19.5,75,63,2026-03-26 12:33:00,6.8,70.0,14.1,60.0,2026-03-26 12:14:00,0.0,0.0,,0.0,,8.4,18.07,,,,,,,
12Q980,2026-03-27,1009.9,1011.7,1011.5,2026-03-27 00:02:00,1007.6,2026-03-27 15:23:00,24.5,27.7,2026-03-27 14:33:00,20.1,2026-03-27 04:14:00,20.7,79,66,2026-03-27 12:02:00,2.0,310.0,7.5,310.0,2026-03-27 13:47:00,0.0,0.0,,0.0,,9.8,21.28,,,,,,,
12Q980,2026-03-28,1010.5,1012.4,1012.4,2026-03-28 09:01:00,1008.8,2026-03-28 15:17:00,25.0,27.7,2026-03-28 15:33:00,23.0,2026-03-28 06:05:00,20.8,78,66,2026-03-28 14:46:00,1.8,290.0,7.8,80.0,2026-03-28 13:41:00,0.0,0.0,,0.0,,9.4,14.50,,,,,,,
12Q980,2026-03-29,1009.7,1011.5,1011.5,2026-03-29 22:02:00,1007.2,2026-03-29 15:39:00,24.8,27.9,2026-03-29 15:20:00,20.4,2026-03-29 05:35:00,20.9,79,66,2026-03-29 11:51:00,2.2,300.0,9.6,280.0,2026-03-29 12:32:00,0.0,0.0,,0.0,,9.5,21.80,,,,,,,
12Q980,2026-03-30,1010.0,1011.8,1011.3,2026-03-30 00:01:00,1009.0,2026-03-30 18:35:00,26.1,30.0,2026-03-30 11:07:00,21.0,2026-03-30 05:43:00,21.5,76,52,2026-03-30 10:44:00,2.8,310.0,9.9,310.0,2026-03-30 18:01:00,0.0,0.0,,0.0,,10.2,23.06,,,,,,,
12Q980,2026-03-31,1009.8,1011.7,1011.7,2026-03-31 10:20:00,1007.9,2026-03-31 17:20:00,25.9,27.6,2026-03-31 10:30:00,24.5,2026-03-31 06:13:00,22.1,79,71,2026-03-31 15:19:00,2.2,320.0,7.0,300.0,2026-03-31 08:38:00,0.0,0.0,,0.0,,10.6,25.42,,,,,,,
12Q980,2026-04-01,1010.7,1012.5,1013.1,2026-04-01 23:20:00,1009.1,2026-04-01 04:03:00,25.6,28.2,2026-04-01 12:30:00,22.8,2026-04-01 23:32:00,21.5,78,68,2026-04-01 12:15:00,4.5,310.0,19.6,60.0,2026-04-01 23:58:00,0.0,0.0,,0.0,,9.4,18.55,,,,,,,
12Q980,2026-04-02,1012.3,1014.2,1012.8,2026-04-02 21:37:00,1011.9,2026-04-02 23:39:00,23.2,23.3,2026-04-02 22:24:00,23.0,2026-04-02 21:32:00,17.5,70,69,2026-04-02 22:26:00,11.9,70.0,21.1,50.0,2026-04-02 23:02:00,0.0,0.0,,0.0,,9.1,12.25,,,,,,,
12Q980,2026-04-03,1009.1,1010.9,1012.1,2026-04-03 00:03:00,1006.7,2026-04-03 15:58:00,25.6,28.7,2026-04-03 14:10:00,22.9,2026-04-03 00:05:00,20.2,72,59,2026-04-03 15:50:00,6.8,70.0,19.6,80.0,2026-04-03 02:30:00,0.0,0.0,,0.0,,10.3,22.03,,,,,,,
12Q980,2026-04-04,1007.4,1009.2,1009.2,2026-04-04 23:42:00,1008.8,2026-04-04 23:59:00,26.0,24.6,2026-04-04 23:42:00,24.3,2026-04-04 23:59:00,22.2,79,73,2026-04-04 23:50:00,3.2,280.0,4.5,300.0,2026-04-04 23:43:00,0.0,0.0,,0.0,,9.4,15.30,,,,,,,
12Q980,2026-04-05,1008.9,1010.8,1010.6,2026-04-05 22:39:00,1007.6,2026-04-05 15:27:00,25.1,28.4,2026-04-05 14:45:00,21.3,2026-04-05 05:16:00,22.3,85,69,2026-04-05 09:51:00,1.5,250.0,5.8,350.0,2026-04-05 02:28:00,7.5,1.5,2026-04-05 01:53:00,3.0,2026-04-05 00:15:00,9.9,18.20,,,,,,,
12Q980,2026-04-06,1009.0,1010.8,1010.7,2026-04-06 10:15:00,1007.5,2026-04-06 15:35:00,26.1,28.1,2026-04-06 11:50:00,23.8,2026-04-06 02:12:00,23.3,84,77,2026-04-06 12:48:00,2.7,280.0,8.5,290.0,2026-04-06 18:23:00,0.0,0.0,,0.0,,9.8,15.77,,,,,,,
12Q980,2026-04-07,1009.4,1011.3,1011.9,2026-04-07 21:30:00,1006.8,2026-04-07 04:14:00,26.1,28.2,2026-04-07 11:16:00,23.5,2026-04-07 22:07:00,23.1,83,76,2026-04-07 08:47:00,4.7,300.0,14.9,40.0,2026-04-07 23:37:00,0.5,0.5,2026-04-07 20:19:00,0.5,2026-04-07 19:29:00,9.1,20.08,,,,,,,
12Q980,2026-04-08,1011.4,1013.3,1012.8,2026-04-08 22:25:00,1010.0,2026-04-08 03:19:00,25.7,29.1,2026-04-08 13:18:00,23.3,2026-04-08 02:57:00,20.2,72,58,2026-04-08 13:15:00,7.1,70.0,17.5,70.0,2026-04-08 08:54:00,0.5,0.5,2026-04-08 08:41:00,0.5,2026-04-08 07:51:00,9.2,15.27,,,,,,,
12Q980,2026-04-09,1010.7,1012.5,1012.5,2026-04-09 09:04:00,1008.8,2026-04-09 18:01:00,26.6,29.0,2026-04-09 13:07:00,24.5,2026-04-09 05:20:00,23.0,80,69,2026-04-09 11:50:00,2.5,110.0,7.8,240.0,2026-04-09 12:20:00,0.0,0.0,,0.0,,10.3,17.51,,,,,,,
12Q980,2026-04-10,1009.5,1011.3,1011.3,2026-04-10 09:20:00,1008.3,2026-04-10 03:11:00,26.4,28.5,2026-04-10 14:21:00,24.9,2026-04-10 06:01:00,22.3,78,66,2026-04-10 09:19:00,3.4,310.0,9.3,310.0,2026-04-10 02:59:00,0.0,0.0,,0.0,,10.7,26.60,,,,,,,
12Q980,2026-04-11,1009.8,1011.6,1011.6,2026-04-11 09:34:00,1008.1,2026-04-11 16:38:00,26.3,28.8,2026-04-11 12:54:00,21.1,2026-04-11 05:48:00,21.4,75,56,2026-04-11 08:36:00,2.1,280.0,7.9,340.0,2026-04-11 00:46:00,0.0,0.0,,0.0,,10.8,25.49,,,,,,,
12Q980,2026-04-12,1010.1,1011.9,1011.9,2026-04-12 09:01:00,1008.0,2026-04-12 16:41:00,26.1,28.2,2026-04-12 13:47:00,21.2,2026-04-12 06:00:00,22.1,79,66,2026-04-12 13:31:00,1.9,310.0,6.6,280.0,2026-04-12 13:03:00,0.0,0.0,,0.0,,10.9,26.69,,,,,,,
12Q980,2026-04-13,1011.1,1012.9,1013.2,2026-04-13 09:09:00,1009.5,2026-04-13 02:38:00,26.5,28.2,2026-04-13 09:13:00,22.8,2026-04-13 04:59:00,22.2,77,67,2026-04-13 16:30:00,2.0,280.0,6.1,260.0,2026-04-13 13:59:00,0.0,0.0,,0.0,,10.9,26.93,,,,,,,
12Q980,2026-04-14,1010.2,1012.1,1012.8,2026-04-14 08:47:00,1008.1,2026-04-14 17:13:00,26.7,28.5,2026-04-14 15:50:00,25.2,2026-04-14 04:09:00,21.8,74,62,2026-04-14 10:00:00,3.3,300.0,8.9,280.0,2026-04-14 14:33:00,0.0,0.0,,0.0,,11.1,28.54,,,,,,,
12Q980,2026-04-15,1008.9,1010.8,1010.9,2026-04-15 09:31:00,1007.0,2026-04-15 16:07:00,26.5,28.3,2026-04-15 15:05:00,22.4,2026-04-15 06:04:00,22.1,77,67,2026-04-15 07:56:00,2.5,300.0,8.8,310.0,2026-04-15 22:40:00,0.0,0.0,,0.0,,10.5,20.93,,,,,,,
12Q980,2026-04-16,1009.4,1011.3,1010.8,2026-04-16 10:34:00,1008.3,2026-04-16 17:28:00,26.6,28.9,2026-04-16 12:44:00,23.8,2026-04-16 03:46:00,22.6,78,66,2026-04-16 07:00:00,2.7,300.0,7.6,300.0,2026-04-16 20:22:00,0.0,0.0,,0.0,,8.6,17.58,,,,,,,
12Q980,2026-04-17,1009.6,1011.4,1010.9,2026-04-17 21:56:00,1007.8,2026-04-17 17:04:00,26.1,28.0,2026-04-17 14:25:00,24.1,2026-04-17 05:38:00,22.1,78,68,2026-04-17 11:32:00,2.9,310.0,9.6,300.0,2026-04-17 15:41:00,0.0,0.0,,0.0,,10.8,24.83,,,,,,,
12Q980,2026-04-18,1009.1,1010.9,1010.5,2026-04-18 00:01:00,1007.4,2026-04-18 17:16:00,25.6,28.1,2026-04-18 13:36:00,21.7,2026-04-18 05:44:00,22.0,81,65,2026-04-18 09:37:00,2.3,300.0,9.8,310.0,2026-04-18 18:19:00,0.0,0.0,,0.0,,10.8,24.77,,,,,,,
12Q980,2026-04-19,1009.7,1011.5,1011.2,2026-04-19 21:27:00,1008.3,2026-04-19 02:45:00,26.0,28.9,2026-04-19 15:31:00,23.2,2026-04-19 05:41:00,22.2,79,62,2026-04-19 15:32:00,2.1,70.0,10.1,50.0,2026-04-19 22:25:00,0.0,0.0,,0.0,,10.2,23.64,,,,,,,
12Q980,2026-04-20,1011.0,1012.8,1012.5,2026-04-20 10:06:00,1009.6,2026-04-20 16:49:00,26.8,30.2,2026-04-20 11:30:00,23.9,2026-04-20 06:04:00,21.5,72,56,2026-04-20 11:42:00,3.9,70.0,12.9,60.0,2026-04-20 20:58:00,0.0,0.0,,0.0,,11.0,24.44,,,,,,,
12Q980,2026-04-21,1010.6,1012.5,1012.4,2026-04-21 09:33:00,1008.6,2026-04-21 16:32:00,25.8,27.8,2026-04-21 13:20:00,24.5,2026-04-21 05:44:00,20.6,73,63,2026-04-21 13:21:00,9.3,70.0,21.1,60.0,2026-04-21 11:24:00,0.0,0.0,,0.0,,10.2,26.69,,,,,,,
12Q980,2026-04-22,1008.4,1010.2,1010.8,2026-04-22 00:07:00,1006.4,2026-04-22 16:12:00,27.3,30.7,2026-04-22 14:07:00,24.5,2026-04-22 05:12:00,22.6,75,60,2026-04-22 12:58:00,3.7,80.0,12.0,80.0,2026-04-22 00:15:00,0.0,0.0,,0.0,,10.1,19.95,,,,,,,
12Q980,2026-04-23,1007.3,1009.1,1009.7,2026-04-23 22:22:00,1005.8,2026-04-23 16:01:00,27.1,29.1,2026-04-23 14:06:00,26.4,2026-04-23 23:59:00,23.3,79,69,2026-04-23 12:44:00,3.9,300.0,9.8,280.0,2026-04-23 12:36:00,0.0,0.0,,0.0,,9.4,20.17,,,,,,,
12Q980,2026-04-24,1010.3,1012.2,1013.1,2026-04-24 22:02:00,1007.9,2026-04-24 02:37:00,26.3,29.8,2026-04-24 09:27:00,23.1,2026-04-24 03:10:00,21.7,76,62,2026-04-24 09:32:00,3.5,60.0,14.4,60.0,2026-04-24 23:39:00,0.0,0.0,,0.0,,9.5,21.91,,,,,,,
12Q980,2026-04-25,1012.2,1014.1,1013.7,2026-04-25 09:18:00,1010.4,2026-04-25 03:50:00,24.4,26.9,2026-04-25 12:57:00,22.5,2026-04-25 01:57:00,20.7,79,69,2026-04-25 10:51:00,5.1,70.0,15.4,70.0,2026-04-25 04:24:00,9.5,9.0,2026-04-25 01:44:00,9.5,2026-04-25 01:02:00,8.1,9.93,,,,,,,
12Q980,2026-04-26,1011.3,1013.2,,,,,24.8,,,,,20.2,76,,,3.7,70.0,,,,0.0,,,,,10.1,25.45,,,,,,,
12Q980,2026-04-27,1011.2,1013.1,1012.8,2026-04-27 09:27:00,1009.6,2026-04-27 15:54:00,26.1,30.8,2026-04-27 12:55:00,23.6,2026-04-27 01:28:00,18.4,63,39,2026-04-27 12:44:00,7.5,70.0,14.6,60.0,2026-04-27 17:44:00,0.0,0.0,,0.0,,10.8,26.99,,,,,,,
12Q980,2026-04-28,1009.7,1011.5,1011.2,2026-04-28 08:32:00,1007.8,2026-04-28 16:07:00,27.0,30.3,2026-04-28 13:58:00,24.8,2026-04-28 00:23:00,20.2,66,56,2026-04-28 09:25:00,8.8,70.0,16.4,70.0,2026-04-28 23:54:00,0.0,0.0,,0.0,,11.1,24.83,,,,,,,
12Q980,2026-04-29,1009.9,1011.7,1011.7,2026-04-29 22:12:00,1007.9,2026-04-29 04:07:00,28.0,30.4,2026-04-29 09:39:00,25.9,2026-04-29 02:18:00,23.8,78,66,2026-04-29 08:33:00,4.5,70.0,14.7,70.0,2026-04-29 00:52:00,0.0,0.0,,0.0,,11.2,17.78,,,,,,,
12Q980,2026-04-30,1010.9,1012.7,1012.7,2026-04-30 21:48:00,1009.2,2026-04-30 03:09:00,26.9,29.5,2026-04-30 13:32:00,23.9,2026-04-30 23:59:00,22.8,78,65,2026-04-30 08:31:00,3.9,60.0,19.3,60.0,2026-04-30 23:20:00,0.0,0.0,,0.0,,9.8,22.88,,,,,,,
12Q980,2026-05-01,1011.3,1013.1,1012.9,2026-05-01 11:01:00,1009.6,2026-05-01 15:58:00,25.5,29.0,2026-05-01 13:09:00,23.8,2026-05-01 01:24:00,19.4,69,58,2026-05-01 13:10:00,10.8,60.0,19.5,50.0,2026-05-01 14:56:00,0.0,0.0,,0.0,,11.3,24.50,,,,,,,
12Q980,2026-05-02,1010.1,1011.9,1012.0,2026-05-02 08:51:00,1007.8,2026-05-02 16:49:00,27.1,30.5,2026-05-02 14:31:00,24.3,2026-05-02 01:40:00,21.4,71,60,2026-05-02 13:53:00,5.9,70.0,18.5,60.0,2026-05-02 05:56:00,0.0,0.0,,0.0,,11.1,25.39,,,,,,,
12Q980,2026-05-03,1008.8,1010.6,1010.3,2026-05-03 09:42:00,1006.9,2026-05-03 16:01:00,27.9,30.2,2026-05-03 11:32:00,25.1,2026-05-03 05:15:00,24.5,82,72,2026-05-03 08:21:00,2.9,300.0,9.6,300.0,2026-05-03 19:47:00,0.0,0.0,,0.0,,11.2,26.18,,,,,,,
12Q980,2026-05-04,1011.3,1013.1,1013.3,2026-05-04 20:00:00,1009.2,2026-05-04 00:39:00,25.9,28.3,2026-05-04 13:57:00,23.5,2026-05-04 23:48:00,19.9,69,57,2026-05-04 13:29:00,10.7,60.0,26.0,60.0,2026-05-04 09:41:00,0.0,0.0,,0.0,,10.5,25.66,,,,,,,
12Q980,2026-05-05,1011.1,1012.9,1012.8,2026-05-05 08:50:00,1009.8,2026-05-05 16:05:00,25.8,29.7,2026-05-05 12:58:00,23.1,2026-05-05 01:18:00,18.3,63,52,2026-05-05 12:29:00,6.8,60.0,21.6,80.0,2026-05-05 00:59:00,0.0,0.0,,0.0,,9.6,21.50,,,,,,,
12Q980,2026-05-06,1010.3,1012.1,1011.5,2026-05-06 08:15:00,1009.1,2026-05-06 16:06:00,26.6,29.4,2026-05-06 15:44:00,23.2,2026-05-06 03:58:00,22.1,76,64,2026-05-06 17:26:00,3.3,270.0,14.1,70.0,2026-05-06 22:10:00,0.0,0.0,,0.0,,11.1,28.30,,,,,,,
12Q980,2026-05-07,1009.9,1011.8,1011.3,2026-05-07 08:37:00,1008.1,2026-05-07 16:45:00,27.6,30.4,2026-05-07 15:59:00,24.7,2026-05-07 05:14:00,22.8,75,66,2026-05-07 07:13:00,2.3,310.0,13.4,50.0,2026-05-07 00:02:00,0.0,0.0,,0.0,,11.1,27.99,,,,,,,
12Q980,2026-05-08,1010.4,1012.3,1011.8,2026-05-08 09:36:00,1009.2,2026-05-08 15:51:00,27.2,30.4,2026-05-08 08:35:00,23.4,2026-05-08 05:14:00,22.7,77,60,2026-05-08 08:36:00,2.7,320.0,12.8,60.0,2026-05-08 22:14:00,0.0,0.0,,0.0,,10.7,25.27,,,,,,,
12Q980,2026-05-09,1011.2,1013.0,1012.8,2026-05-09 10:05:00,1010.1,2026-05-09 02:35:00,26.9,30.3,2026-05-09 10:51:00,25.1,2026-05-09 20:46:00,20.7,69,54,2026-05-09 10:22:00,6.0,70.0,18.4,50.0,2026-05-09 20:37:00,0.0,0.0,,0.0,,10.2,19.40,,,,,,,
12Q980,2026-05-10,1010.8,1012.7,1012.0,2026-05-10 09:53:00,1009.4,2026-05-10 15:34:00,27.0,29.4,2026-05-10 13:11:00,24.2,2026-05-10 03:08:00,21.6,72,54,2026-05-10 08:09:00,2.4,310.0,10.2,60.0,2026-05-10 00:01:00,0.0,0.0,,0.0,,11.0,25.86,,,,,,,
12Q980,2026-05-11,1009.0,1010.8,1010.6,2026-05-11 10:17:00,1007.2,2026-05-11 16:33:00,26.9,29.7,2026-05-11 14:46:00,24.2,2026-05-11 05:28:00,23.2,80,69,2026-05-11 14:48:00,2.1,310.0,8.4,280.0,2026-05-11 12:28:00,0.0,0.0,,0.0,,11.2,27.11,,,,,,,
12Q980,2026-05-12,1006.5,1008.4,1007.8,2026-05-12 08:54:00,1004.7,2026-05-12 16:13:00,26.9,28.9,2026-05-12 14:50:00,24.4,2026-05-12 00:28:00,23.2,80,70,2026-05-12 18:09:00,2.3,310.0,8.3,310.0,2026-05-12 11:57:00,0.0,0.0,,0.0,,10.8,26.24,,,,,,,
12Q980,2026-05-13,1006.0,1007.8,1007.7,2026-05-13 08:33:00,1004.4,2026-05-13 15:56:00,27.2,29.6,2026-05-13 13:49:00,23.7,2026-05-13 05:08:00,23.0,78,65,2026-05-13 14:19:00,1.9,310.0,7.6,300.0,2026-05-13 12:34:00,0.0,0.0,,0.0,,11.3,26.21,,,,,,,
12Q980,2026-05-14,1006.3,1008.1,1008.4,2026-05-14 21:00:00,1004.1,2026-05-14 02:15:00,27.9,31.2,2026-05-14 13:29:00,25.1,2026-05-14 23:57:00,23.0,75,61,2026-05-14 13:32:00,2.3,70.0,10.1,50.0,2026-05-14 01:24:00,0.0,0.0,,0.0,,9.7,20.64,,,,,,,
12Q980,2026-05-15,1007.3,1009.1,1009.3,2026-05-15 22:14:00,1005.4,2026-05-15 18:53:00,26.9,31.5,2026-05-15 10:56:00,24.1,2026-05-15 21:01:00,22.3,77,54,2026-05-15 10:43:00,5.0,70.0,22.2,50.0,2026-05-15 18:53:00,0.5,0.5,2026-05-15 01:32:00,0.5,2026-05-15 00:42:00,10.3,23.84,,,,,,,
12Q980,2026-05-16,1009.1,1010.9,1011.1,2026-05-16 23:50:00,1007.5,2026-05-16 02:05:00,25.8,27.3,2026-05-16 13:37:00,24.7,2026-05-16 17:43:00,19.8,70,56,2026-05-16 23:03:00,9.4,70.0,25.0,70.0,2026-05-16 22:21:00,0.0,0.0,,0.0,,9.6,15.42,,,,,,,
12Q980,2026-05-17,1009.1,1011.0,1010.8,2026-05-17 00:01:00,1007.8,2026-05-17 17:12:00,26.2,28.9,2026-05-17 14:43:00,24.7,2026-05-17 05:23:00,18.6,63,52,2026-05-17 13:02:00,12.5,70.0,24.9,60.0,2026-05-17 09:40:00,0.0,0.0,,0.0,,10.0,24.50,,,,,,,
12Q980,2026-05-18,1009.3,1011.2,1010.7,2026-05-18 22:14:00,1008.0,2026-05-18 16:02:00,26.7,30.5,2026-05-18 12:32:00,24.6,2026-05-18 04:57:00,19.0,63,48,2026-05-18 12:08:00,7.2,70.0,17.5,70.0,2026-05-18 01:40:00,0.0,0.0,,0.0,,9.5,17.66,,,,,,,
12Q980,2026-05-19,1008.6,1010.4,1009.7,2026-05-19 00:01:00,1007.4,2026-05-19 16:45:00,27.1,29.1,2026-05-19 13:42:00,24.2,2026-05-19 05:22:00,21.1,69,58,2026-05-19 07:09:00,3.1,270.0,12.6,60.0,2026-05-19 00:28:00,0.0,0.0,,0.0,,11.0,27.03,,,,,,,
12Q980,2026-05-20,1008.5,1010.3,1009.9,2026-05-20 22:20:00,1007.2,2026-05-20 16:26:00,27.3,30.0,2026-05-20 15:00:00,23.9,2026-05-20 05:17:00,23.0,77,65,2026-05-20 15:01:00,2.0,280.0,6.2,280.0,2026-05-20 12:59:00,0.0,0.0,,0.0,,11.0,27.64,,,,,,,
12Q980,2026-05-21,1010.0,1011.8,1011.8,2026-05-21 09:33:00,1008.7,2026-05-21 16:34:00,28.2,30.0,2026-05-21 14:31:00,26.4,2026-05-21 05:21:00,24.7,81,71,2026-05-21 09:02:00,2.2,310.0,6.8,310.0,2026-05-21 17:23:00,0.0,0.0,,0.0,,11.2,24.91,,,,,,,
12Q980,2026-05-22,1009.7,1011.5,1011.2,2026-05-22 08:12:00,1008.1,2026-05-22 18:10:00,27.9,30.7,2026-05-22 13:40:00,24.5,2026-05-22 05:13:00,24.9,84,70,2026-05-22 11:17:00,2.4,300.0,7.7,300.0,2026-05-22 14:23:00,0.0,0.0,,0.0,,11.1,26.35,,,,,,,
12Q980,2026-05-23,1008.8,1010.7,1010.2,2026-05-23 22:49:00,1007.5,2026-05-23 15:06:00,28.5,30.9,2026-05-23 16:03:00,26.9,2026-05-23 05:33:00,25.4,83,71,2026-05-23 14:21:00,3.4,300.0,10.7,280.0,2026-05-23 13:11:00,0.0,0.0,,0.0,,11.6,28.86,,,,,,,
12Q980,2026-05-24,1008.7,1010.5,1010.3,2026-05-24 09:05:00,1007.3,2026-05-24 15:51:00,28.8,31.2,2026-05-24 14:02:00,27.3,2026-05-24 02:13:00,25.5,83,72,2026-05-24 15:42:00,3.1,310.0,11.4,300.0,2026-05-24 08:36:00,0.0,0.0,,0.0,,11.5,28.23,,,,,,,
12Q980,2026-05-25,1007.1,1008.9,1009.3,2026-05-25 09:23:00,1005.1,2026-05-25 15:33:00,28.7,30.8,2026-05-25 14:43:00,27.0,2026-05-25 02:53:00,26.0,85,75,2026-05-25 15:18:00,4.0,300.0,12.3,280.0,2026-05-25 13:19:00,0.0,0.0,,0.0,,10.9,27.69,,,,,,,
12Q980,2026-05-26,1006.0,1007.9,1007.7,2026-05-26 09:24:00,1004.2,2026-05-26 16:00:00,28.9,30.8,2026-05-26 13:27:00,27.8,2026-05-26 01:14:00,25.8,83,72,2026-05-26 10:19:00,4.5,310.0,11.7,280.0,2026-05-26 12:34:00,0.0,0.0,,0.0,,10.4,27.22,,,,,,,
12Q980,2026-05-27,1006.7,1008.5,1008.4,2026-05-27 22:09:00,1005.3,2026-05-27 14:28:00,28.9,30.8,2026-05-27 13:47:00,27.6,2026-05-27 23:33:00,26.1,84,77,2026-05-27 13:53:00,4.2,310.0,13.3,290.0,2026-05-27 11:00:00,0.0,0.0,,0.0,,11.5,28.64,,,,,,,
12Q980,2026-05-28,1007.7,1009.5,1009.3,2026-05-28 09:32:00,1005.9,2026-05-28 15:55:00,29.0,31.2,2026-05-28 14:02:00,26.4,2026-05-28 23:26:00,25.3,80,69,2026-05-28 01:59:00,2.7,310.0,10.1,300.0,2026-05-28 09:48:00,0.0,0.0,,0.0,,11.3,28.01,,,,,,,
12Q980,2026-05-29,1007.4,1009.2,1008.7,2026-05-29 22:28:00,1005.5,2026-05-29 15:15:00,28.5,31.0,2026-05-29 13:03:00,24.9,2026-05-29 05:07:00,25.0,81,73,2026-05-29 23:15:00,2.4,60.0,12.2,50.0,2026-05-29 21:46:00,0.0,0.0,,0.0,,10.6,24.36,,,,,,,
12Q980,2026-05-30,1006.6,1008.4,1008.0,2026-05-30 00:24:00,1005.4,2026-05-30 15:34:00,28.3,32.1,2026-05-30 12:56:00,26.0,2026-05-30 16:16:00,22.3,69,54,2026-05-30 13:05:00,7.9,60.0,18.7,60.0,2026-05-30 21:43:00,0.0,0.0,,0.0,,7.1,19.57,,,,,,,
12Q980,2026-05-31,1006.0,1007.8,1007.2,2026-05-31 22:22:00,1004.6,2026-05-31 16:03:00,27.8,31.9,2026-05-31 11:23:00,24.9,2026-05-31 18:46:00,22.4,72,54,2026-05-31 11:24:00,3.8,70.0,15.9,70.0,2026-05-31 00:10:00,0.0,0.0,,0.0,,10.4,21.62,,,,,,,
12Q980,2026-06-01,1005.9,1007.7,1007.3,2026-06-01 22:07:00,1004.3,2026-06-01 16:13:00,27.7,29.6,2026-06-01 11:54:00,25.2,2026-06-01 23:44:00,23.6,78,66,2026-06-01 13:15:00,1.9,310.0,7.2,300.0,2026-06-01 17:24:00,1.0,1.0,2026-06-01 05:20:00,1.0,2026-06-01 04:30:00,10.4,25.12,,,,,,,
12Q980,2026-06-02,1005.7,1007.5,1006.9,2026-06-02 09:10:00,1004.0,2026-06-02 16:47:00,27.7,30.5,2026-06-02 16:11:00,24.4,2026-06-02 23:59:00,22.0,71,45,2026-06-02 16:34:00,2.2,280.0,7.8,310.0,2026-06-02 15:06:00,0.0,0.0,,0.0,,10.8,26.04,,,,,,,
12Q980,2026-06-03,1005.0,1006.9,1006.4,2026-06-03 08:42:00,1003.0,2026-06-03 16:11:00,28.2,31.9,2026-06-03 13:46:00,23.1,2026-06-03 05:11:00,23.2,74,54,2026-06-03 10:34:00,1.7,140.0,9.2,150.0,2026-06-03 23:53:00,0.0,0.0,,0.0,,10.7,26.18,,,,,,,
12Q980,2026-06-04,1004.0,1005.8,1004.8,2026-06-04 10:52:00,1002.7,2026-06-04 16:49:00,26.8,29.7,2026-06-04 09:01:00,24.6,2026-06-04 18:37:00,25.4,92,75,2026-06-04 08:49:00,2.2,240.0,12.3,190.0,2026-06-04 14:49:00,105.0,12.0,2026-06-04 18:13:00,22.5,2026-06-04 17:32:00,7.4,11.15,,,,,,,
12Q980,2026-06-05,1003.0,1004.9,1004.8,2026-06-05 23:12:00,1001.9,2026-06-05 05:07:00,25.9,27.0,2026-06-05 23:20:00,24.8,2026-06-05 09:28:00,25.2,95,87,2026-06-05 23:35:00,2.8,260.0,12.3,240.0,2026-06-05 20:30:00,108.5,13.5,2026-06-05 19:28:00,34.5,2026-06-05 19:05:00,1.6,2.80,,,,,,,
12Q980,2026-06-06,1005.7,1007.5,1008.2,2026-06-06 22:55:00,1003.4,2026-06-06 03:51:00,28.5,30.6,2026-06-06 12:30:00,26.4,2026-06-06 00:01:00,26.2,87,75,2026-06-06 12:32:00,3.5,270.0,9.5,300.0,2026-06-06 09:32:00,0.5,0.5,2026-06-06 06:40:00,0.5,2026-06-06 05:50:00,10.2,22.63,,,,,,,
12Q980,2026-06-07,1006.6,1008.4,1006.9,2026-06-07 22:17:00,1005.6,2026-06-07 18:02:00,28.5,28.3,2026-06-07 18:04:00,27.3,2026-06-07 22:35:00,26.1,87,81,2026-06-07 18:55:00,2.4,270.0,5.8,240.0,2026-06-07 18:39:00,2.5,0.0,,0.0,,8.8,19.22,,,,,,,
12Q980,2026-06-08,1004.2,1006.1,1006.0,2026-06-08 06:52:00,1001.8,2026-06-08 16:01:00,27.2,29.0,2026-06-08 09:50:00,25.6,2026-06-08 11:03:00,25.4,89,79,2026-06-08 09:52:00,3.0,240.0,13.9,240.0,2026-06-08 10:49:00,30.0,11.0,2026-06-08 10:49:00,13.5,2026-06-08 10:10:00,8.3,10.09,,,,,,,
12Q980,2026-06-09,1003.7,1005.5,1005.5,2026-06-09 22:12:00,1002.2,2026-06-09 13:00:00,26.7,28.9,2026-06-09 12:28:00,24.7,2026-06-09 14:13:00,25.1,91,81,2026-06-09 12:01:00,3.3,240.0,15.4,280.0,2026-06-09 13:10:00,80.0,18.5,2026-06-09 09:23:00,49.0,2026-06-09 09:11:00,2.1,3.46,,,,,,,
12Q980,2026-06-10,1006.5,1008.3,1009.8,2026-06-10 22:23:00,1003.7,2026-06-10 02:49:00,26.5,27.7,2026-06-10 18:09:00,25.3,2026-06-10 08:18:00,25.0,91,79,2026-06-10 23:21:00,2.8,310.0,13.2,240.0,2026-06-10 06:29:00,55.5,9.5,2026-06-10 06:58:00,24.0,2026-06-10 06:31:00,2.7,3.28,,,,,,,
12Q980,2026-06-11,1010.1,1012.0,1012.5,2026-06-11 21:52:00,1007.7,2026-06-11 02:33:00,27.2,31.5,2026-06-11 12:05:00,24.3,2026-06-11 17:06:00,23.8,82,63,2026-06-11 12:07:00,3.4,90.0,11.1,60.0,2026-06-11 07:07:00,8.5,3.0,2026-06-11 16:48:00,4.5,2026-06-11 15:58:00,9.5,16.58,,,,,,,
12Q980,2026-06-12,1010.5,1012.3,1011.8,2026-06-12 09:22:00,1009.0,2026-06-12 16:26:00,26.2,30.0,2026-06-12 11:00:00,24.5,2026-06-12 02:11:00,24.4,90,73,2026-06-12 11:05:00,2.5,130.0,9.8,50.0,2026-06-12 01:15:00,37.0,9.5,2026-06-12 17:25:00,22.5,2026-06-12 17:04:00,5.0,7.12,,,,,,,
12Q980,2026-06-13,1008.3,1010.2,1010.1,2026-06-13 09:33:00,1006.3,2026-06-13 16:04:00,27.2,29.9,2026-06-13 13:39:00,24.2,2026-06-13 04:08:00,24.7,86,74,2026-06-13 13:13:00,2.1,300.0,8.2,300.0,2026-06-13 15:55:00,0.0,0.0,,0.0,,10.5,24.89,,,,,,,
12Q980,2026-06-14,1006.8,1008.6,1008.6,2026-06-14 21:26:00,1005.9,2026-06-14 03:49:00,28.0,30.3,2026-06-14 12:13:00,24.8,2026-06-14 21:50:00,25.8,88,80,2026-06-14 11:06:00,3.1,280.0,12.1,290.0,2026-06-14 21:07:00,10.0,2.0,2026-06-14 23:29:00,4.5,2026-06-14 21:14:00,9.0,15.14,,,,,,,
12Q980,2026-06-15,1007.8,1009.6,1010.6,2026-06-15 23:00:00,1005.9,2026-06-15 03:45:00,27.0,29.8,2026-06-15 12:06:00,24.7,2026-06-15 01:00:00,25.3,90,79,2026-06-15 12:44:00,1.9,240.0,10.7,250.0,2026-06-15 12:43:00,10.0,2.0,2026-06-15 19:56:00,3.0,2026-06-15 19:39:00,6.5,8.43,,,,,,,
12Q980,2026-06-16,1009.3,1011.1,1010.9,2026-06-16 19:39:00,1007.3,2026-06-16 03:19:00,27.8,30.9,2026-06-16 14:10:00,25.0,2026-06-16 19:53:00,24.7,83,72,2026-06-16 05:53:00,1.6,300.0,9.7,280.0,2026-06-16 16:10:00,7.0,2.0,2026-06-16 19:22:00,4.0,2026-06-16 18:48:00,8.5,13.38,,,,,,,
12Q980,2026-06-17,1010.8,1012.6,1012.1,2026-06-17 22:21:00,1009.4,2026-06-17 02:00:00,28.6,30.7,2026-06-17 10:56:00,25.6,2026-06-17 05:20:00,25.9,85,74,2026-06-17 10:41:00,1.4,300.0,6.0,230.0,2026-06-17 10:05:00,5.0,3.5,2026-06-17 07:35:00,3.5,2026-06-17 06:45:00,10.7,20.71,,,,,,,
12Q980,2026-06-18,1010.7,1012.5,1011.8,2026-06-18 22:14:00,1009.5,2026-06-18 16:07:00,28.9,32.6,2026-06-18 12:04:00,25.7,2026-06-18 23:42:00,25.6,83,59,2026-06-18 11:58:00,1.5,300.0,7.4,250.0,2026-06-18 12:43:00,0.0,0.0,,0.0,,10.1,26.72,,,,,,,
12Q980,2026-06-19,1010.1,1011.9,1011.1,2026-06-19 22:51:00,1009.1,2026-06-19 16:38:00,28.6,31.5,2026-06-19 16:05:00,24.2,2026-06-19 04:33:00,25.6,84,68,2026-06-19 09:06:00,1.7,280.0,6.1,240.0,2026-06-19 10:23:00,0.0,0.0,,0.0,,11.0,26.99,,,,,,,
12Q980,2026-06-20,1009.7,1011.5,1010.6,2026-06-20 08:25:00,1008.5,2026-06-20 15:58:00,29.2,31.0,2026-06-20 14:05:00,27.0,2026-06-20 02:34:00,25.7,81,71,2026-06-20 14:54:00,2.5,300.0,10.1,280.0,2026-06-20 13:11:00,0.0,0.0,,0.0,,11.6,28.12,,,,,,,
12Q980,2026-06-21,1008.8,1010.6,1009.0,2026-06-21 21:59:00,1007.7,2026-06-21 23:58:00,27.8,29.0,2026-06-21 19:29:00,26.3,2026-06-21 22:23:00,24.6,83,79,2026-06-21 19:36:00,2.1,300.0,3.1,360.0,2026-06-21 19:39:00,0.0,0.0,,0.0,,11.1,28.13,,,,,,,
12Q980,2026-06-22,1005.5,1007.3,1007.7,2026-06-22 00:01:00,1003.6,2026-06-22 16:38:00,28.2,30.9,2026-06-22 12:37:00,25.7,2026-06-22 02:48:00,25.0,83,69,2026-06-22 11:24:00,2.1,310.0,7.7,340.0,2026-06-22 08:10:00,0.0,0.0,,0.0,,10.5,25.51,,,,,,,
12Q980,2026-06-23,1002.9,1004.7,1004.2,2026-06-23 00:01:00,1001.3,2026-06-23 16:20:00,28.4,31.1,2026-06-23 14:52:00,24.5,2026-06-23 05:24:00,25.0,82,69,2026-06-23 13:02:00,2.3,310.0,9.7,310.0,2026-06-23 13:03:00,0.0,0.0,,0.0,,11.1,26.59,,,,,,,
12Q980,2026-06-24,1001.8,1003.6,1003.1,2026-06-24 22:37:00,1000.1,2026-06-24 15:08:00,29.2,31.1,2026-06-24 12:15:00,25.1,2026-06-24 00:34:00,26.4,84,76,2026-06-24 14:20:00,3.9,300.0,13.4,310.0,2026-06-24 11:16:00,0.0,0.0,,0.0,,11.2,27.34,,,,,,,
12Q980,2026-06-25,1002.4,1004.2,1004.1,2026-06-25 11:34:00,1001.4,2026-06-25 16:05:00,27.4,29.3,2026-06-25 09:31:00,25.7,2026-06-25 09:55:00,26.1,92,82,2026-06-25 09:40:00,3.8,280.0,13.5,280.0,2026-06-25 07:40:00,90.5,10.0,2026-06-25 09:47:00,15.5,2026-06-25 12:09:00,0.5,1.64,,,,,,,
12Q980,2026-06-26,1004.2,1006.0,1006.0,2026-06-26 21:34:00,1001.9,2026-06-26 02:08:00,26.1,28.8,2026-06-26 01:55:00,24.5,2026-06-26 05:32:00,25.0,93,84,2026-06-26 18:15:00,3.1,300.0,10.8,350.0,2026-06-26 01:04:00,111.0,8.5,2026-06-26 06:09:00,28.0,2026-06-26 05:58:00,2.2,2.98,,,,,,,
12Q980,2026-06-27,1005.4,1007.2,1006.7,2026-06-27 21:38:00,1004.2,2026-06-27 16:18:00,27.5,30.4,2026-06-27 13:38:00,24.0,2026-06-27 01:13:00,25.0,86,69,2026-06-27 13:36:00,2.1,300.0,9.3,260.0,2026-06-27 00:45:00,15.0,3.5,2026-06-27 00:46:00,11.0,2026-06-27 00:47:00,9.5,14.88,,,,,,,
12Q980,2026-06-28,1006.5,1008.2,1008.1,2026-06-28 23:00:00,1007.7,2026-06-28 23:37:00,28.6,28.2,2026-06-28 23:00:00,28.0,2026-06-28 23:28:00,25.7,84,87,2026-06-28 23:51:00,2.1,110.0,4.1,120.0,2026-06-28 23:48:00,0.0,0.0,,0.0,,9.5,17.51,,,,,,,
