測站,東港工作站
測站代碼,觀測時間,平均氣壓(hPa),海平面氣壓(hPa),日最高氣壓(hPa),最高氣壓時間,日最低氣壓(hPa),最低氣壓時間,平均氣溫(℃),最高氣溫(℃),最高氣溫時間,最低氣溫(℃),最低氣溫時間,平均露點溫度(℃),平均相對溼度( %),最低相對溼度( %),最低相對溼度時間,平均風速(m/s),平均風向(°),最大瞬間風風速(m/s),最大瞬間風風向(°),最大瞬間風風速時間,累計雨量(mm),最大10分鐘降水量(mm),最大10分鐘降水量起始時間,最大60分鐘降水量(mm),最大60分鐘降水量起始時間,累積日照時數(hr),累積日射量(MJ/m2),累積蒸發量(mm),平均地溫0cm(℃),平均地溫5cm(℃),平均地溫10cm(℃),平均地溫20cm(℃),平均地溫50cm(℃),平均地溫100cm(℃)
12Q970,2026-01-01,1012.5,1014.4,1016.0,2026-01-01 23:21:00,1010.8,2026-01-01 14:10:00,20.2,25.8,2026-01-01 13:54:00,17.1,2026-01-01 23:53:00,15.0,72,49,2026-01-01 14:34:00,1.4,330.0,6.7,340.0,2026-01-01 19:48:00,0.0,0.0,,0.0,,5.8,8.33,,,,,,,
12Q970,2026-01-02,1018.3,1020.2,1021.3,2026-01-02 21:59:00,1015.8,2026-01-02 02:32:00,17.2,21.7,2026-01-02 13:58:00,13.1,2026-01-02 23:56:00,11.2,68,54,2026-01-02 14:00:00,1.3,330.0,6.2,340.0,2026-01-02 18:35:00,0.0,0.0,,0.0,,6.5,7.71,,,,,,,
12Q970,2026-01-03,1020.7,1022.7,1022.8,2026-01-03 09:32:00,1018.7,2026-01-03 15:10:00,16.3,20.4,2026-01-03 12:21:00,11.3,2026-01-03 04:33:00,10.6,70,47,2026-01-03 19:11:00,1.3,280.0,7.0,280.0,2026-01-03 13:33:00,0.0,0.0,,0.0,,5.5,9.54,,,,,,,
12Q970,2026-01-04,1019.3,1021.2,1021.4,2026-01-04 09:09:00,1017.0,2026-01-04 15:34:00,18.1,23.4,2026-01-04 12:37:00,13.3,2026-01-04 06:09:00,12.1,69,41,2026-01-04 12:19:00,1.1,350.0,7.5,280.0,2026-01-04 15:18:00,0.0,0.0,,0.0,,5.2,10.13,,,,,,,
12Q970,2026-01-05,1017.2,1019.1,1018.9,2026-01-05 00:01:00,1014.8,2026-01-05 14:41:00,19.3,25.4,2026-01-05 14:05:00,15.0,2026-01-05 03:54:00,12.0,66,30,2026-01-05 13:10:00,1.2,330.0,5.9,290.0,2026-01-05 13:43:00,0.0,0.0,,0.0,,5.1,10.13,,,,,,,
12Q970,2026-01-06,1018.3,1020.2,1020.2,2026-01-06 21:38:00,1016.8,2026-01-06 15:38:00,16.8,20.7,2026-01-06 12:39:00,13.6,2026-01-06 23:59:00,11.3,70,50,2026-01-06 15:06:00,1.6,330.0,8.9,350.0,2026-01-06 20:03:00,0.0,0.0,,0.0,,5.9,7.30,,,,,,,
12Q970,2026-01-07,1019.6,1021.5,1021.0,2026-01-07 09:38:00,1018.1,2026-01-07 14:33:00,15.2,17.9,2026-01-07 16:09:00,12.8,2026-01-07 08:08:00,8.0,62,52,2026-01-07 16:44:00,1.3,340.0,7.2,340.0,2026-01-07 01:13:00,0.0,0.0,,0.0,,5.6,4.88,,,,,,,
12Q970,2026-01-08,1019.6,1021.5,1021.6,2026-01-08 08:59:00,1017.6,2026-01-08 14:45:00,16.9,21.6,2026-01-08 13:40:00,13.7,2026-01-08 05:30:00,9.0,60,47,2026-01-08 13:38:00,1.1,330.0,4.8,260.0,2026-01-08 15:06:00,0.0,0.0,,0.0,,7.5,8.32,,,,,,,
12Q970,2026-01-09,1018.5,1020.4,1020.5,2026-01-09 08:56:00,1016.5,2026-01-09 15:38:00,16.9,21.2,2026-01-09 13:09:00,14.3,2026-01-09 06:29:00,10.4,65,48,2026-01-09 12:58:00,1.0,280.0,4.8,270.0,2026-01-09 13:44:00,0.0,0.0,,0.0,,7.1,8.46,,,,,,,
12Q970,2026-01-10,1017.2,1019.1,1019.4,2026-01-10 23:52:00,1014.2,2026-01-10 14:35:00,18.3,22.6,2026-01-10 11:35:00,14.3,2026-01-10 02:11:00,12.6,70,54,2026-01-10 14:53:00,1.1,330.0,6.5,270.0,2026-01-10 15:19:00,0.0,0.0,,0.0,,6.9,7.63,,,,,,,
12Q970,2026-01-11,1018.8,1020.7,1020.2,2026-01-11 21:48:00,1016.9,2026-01-11 14:25:00,19.0,21.9,2026-01-11 14:33:00,14.9,2026-01-11 07:00:00,11.9,64,47,2026-01-11 18:38:00,1.6,280.0,7.4,280.0,2026-01-11 13:06:00,0.0,0.0,,0.0,,6.5,9.23,,,,,,,
12Q970,2026-01-12,1018.1,1020.0,1018.0,2026-01-12 12:20:00,1015.9,2026-01-12 15:18:00,19.8,22.7,2026-01-12 12:37:00,19.8,2026-01-12 23:55:00,13.4,67,53,2026-01-12 12:43:00,1.2,270.0,6.5,280.0,2026-01-12 14:55:00,0.0,0.0,,0.0,,6.2,8.71,,,,,,,
12Q970,2026-01-13,1015.7,1017.6,1016.8,2026-01-13 22:40:00,1013.6,2026-01-13 14:13:00,21.0,26.4,2026-01-13 12:55:00,18.0,2026-01-13 23:53:00,11.5,56,34,2026-01-13 12:56:00,1.3,330.0,5.9,210.0,2026-01-13 14:08:00,0.0,0.0,,0.0,,5.1,9.61,,,,,,,
12Q970,2026-01-14,1015.6,1017.5,1017.2,2026-01-14 09:38:00,1013.6,2026-01-14 15:54:00,20.0,24.3,2026-01-14 10:33:00,15.8,2026-01-14 06:25:00,14.2,69,50,2026-01-14 10:34:00,1.2,280.0,6.8,270.0,2026-01-14 13:22:00,0.0,0.0,,0.0,,5.8,10.04,,,,,,,
12Q970,2026-01-15,1013.6,1015.4,1015.6,2026-01-15 09:34:00,1011.5,2026-01-15 15:12:00,21.3,25.3,2026-01-15 13:32:00,21.5,2026-01-15 23:59:00,13.7,63,43,2026-01-15 13:31:00,1.1,280.0,5.8,290.0,2026-01-15 15:07:00,0.0,0.0,,0.0,,6.6,8.54,,,,,,,
12Q970,2026-01-16,1011.0,1012.9,1012.4,2026-01-16 09:41:00,1008.9,2026-01-16 15:02:00,22.8,26.9,2026-01-16 14:21:00,20.0,2026-01-16 05:21:00,14.3,59,43,2026-01-16 15:01:00,1.0,330.0,6.4,290.0,2026-01-16 15:11:00,0.0,0.0,,0.0,,7.8,8.41,,,,,,,
12Q970,2026-01-17,1009.9,1011.8,1011.5,2026-01-17 08:33:00,1008.1,2026-01-17 15:15:00,22.1,26.1,2026-01-17 12:49:00,19.8,2026-01-17 01:49:00,16.6,71,52,2026-01-17 12:51:00,1.2,280.0,6.2,280.0,2026-01-17 12:53:00,0.0,0.0,,0.0,,7.0,7.41,,,,,,,
12Q970,2026-01-18,1009.6,1011.5,1010.7,2026-01-18 23:06:00,1010.0,2026-01-18 20:52:00,21.9,22.3,2026-01-18 20:51:00,19.9,2026-01-18 23:50:00,17.3,76,73,2026-01-18 21:14:00,1.4,280.0,2.2,40.0,2026-01-18 23:09:00,0.0,0.0,,0.0,,5.9,10.93,,,,,,,
12Q970,2026-01-19,1010.8,1012.7,1012.4,2026-01-19 09:38:00,1009.1,2026-01-19 14:33:00,21.1,24.8,2026-01-19 10:55:00,17.6,2026-01-19 06:48:00,16.9,77,63,2026-01-19 15:32:00,1.5,280.0,8.4,270.0,2026-01-19 13:22:00,0.0,0.0,,0.0,,6.7,10.37,,,,,,,
12Q970,2026-01-20,1013.1,1015.0,1015.6,2026-01-20 23:48:00,1011.3,2026-01-20 14:00:00,20.4,24.7,2026-01-20 11:18:00,17.0,2026-01-20 23:54:00,15.3,73,54,2026-01-20 11:07:00,1.7,340.0,8.3,270.0,2026-01-20 13:01:00,0.0,0.0,,0.0,,5.2,10.19,,,,,,,
12Q970,2026-01-21,1017.2,1019.1,1018.9,2026-01-21 23:44:00,1015.3,2026-01-21 01:24:00,17.5,20.4,2026-01-21 14:26:00,14.4,2026-01-21 06:27:00,12.2,71,62,2026-01-21 19:47:00,1.7,280.0,7.5,280.0,2026-01-21 13:24:00,0.0,0.0,,0.0,,6.1,9.00,,,,,,,
12Q970,2026-01-22,1019.7,1021.6,1021.3,2026-01-22 09:16:00,1017.8,2026-01-22 14:54:00,17.1,20.6,2026-01-22 15:10:00,13.6,2026-01-22 07:02:00,11.1,68,54,2026-01-22 12:42:00,1.5,330.0,6.6,270.0,2026-01-22 13:10:00,0.0,0.0,,0.0,,6.2,9.76,,,,,,,
12Q970,2026-01-23,1020.4,1022.3,1022.3,2026-01-23 08:48:00,1018.0,2026-01-23 14:56:00,17.6,21.6,2026-01-23 14:08:00,13.4,2026-01-23 05:32:00,12.0,70,52,2026-01-23 13:21:00,1.6,330.0,7.4,270.0,2026-01-23 15:03:00,0.0,0.0,,0.0,,5.6,10.56,,,,,,,
12Q970,2026-01-24,1019.0,1020.9,1021.2,2026-01-24 09:06:00,1017.2,2026-01-24 15:41:00,19.7,24.1,2026-01-24 11:25:00,16.0,2026-01-24 06:22:00,14.1,71,50,2026-01-24 12:00:00,1.2,340.0,5.3,280.0,2026-01-24 14:10:00,0.0,0.0,,0.0,,7.8,10.49,,,,,,,
12Q970,2026-01-25,1018.4,1020.3,1020.5,2026-01-25 08:54:00,1016.2,2026-01-25 14:53:00,20.6,24.4,2026-01-25 13:28:00,17.9,2026-01-25 03:03:00,16.0,75,57,2026-01-25 13:29:00,1.2,340.0,7.5,280.0,2026-01-25 15:25:00,0.0,0.0,,0.0,,7.9,8.57,,,,,,,
12Q970,2026-01-26,1017.7,1019.6,1019.8,2026-01-26 09:41:00,1015.6,2026-01-26 14:46:00,21.2,26.1,2026-01-26 15:09:00,18.4,2026-01-26 06:57:00,16.8,77,48,2026-01-26 15:09:00,1.2,280.0,6.6,280.0,2026-01-26 13:49:00,0.0,0.0,,0.0,,6.9,10.64,,,,,,,
12Q970,2026-01-27,1016.8,1018.7,1018.6,2026-01-27 09:24:00,1014.9,2026-01-27 14:52:00,21.6,25.9,2026-01-27 11:24:00,18.0,2026-01-27 05:44:00,15.6,71,43,2026-01-27 10:49:00,1.3,350.0,6.7,270.0,2026-01-27 15:09:00,0.0,0.0,,0.0,,6.5,12.05,,,,,,,
12Q970,2026-01-28,1017.6,1019.5,1019.4,2026-01-28 08:58:00,1015.8,2026-01-28 14:22:00,19.5,22.7,2026-01-28 14:14:00,16.4,2026-01-28 06:07:00,14.9,75,62,2026-01-28 19:07:00,1.5,280.0,6.9,290.0,2026-01-28 14:50:00,0.0,0.0,,0.0,,6.1,11.18,,,,,,,
12Q970,2026-01-29,1018.3,1020.3,1020.6,2026-01-29 09:04:00,1016.5,2026-01-29 14:48:00,20.0,23.7,2026-01-29 10:59:00,15.5,2026-01-29 06:40:00,14.6,71,55,2026-01-29 10:59:00,1.4,280.0,6.8,280.0,2026-01-29 13:03:00,0.0,0.0,,0.0,,5.9,9.38,,,,,,,
12Q970,2026-01-30,1018.2,1020.1,1020.3,2026-01-30 08:40:00,1016.2,2026-01-30 15:17:00,21.5,25.7,2026-01-30 11:31:00,19.2,2026-01-30 06:32:00,16.9,75,53,2026-01-30 11:31:00,1.1,330.0,6.2,280.0,2026-01-30 16:32:00,0.0,0.0,,0.0,,7.9,9.50,,,,,,,
12Q970,2026-01-31,1017.4,1019.3,1019.3,2026-01-31 09:15:00,1015.3,2026-01-31 15:13:00,22.3,26.7,2026-01-31 14:06:00,19.3,2026-01-31 23:45:00,16.9,72,50,2026-01-31 13:58:00,1.1,330.0,6.1,350.0,2026-01-31 18:45:00,0.0,0.0,,0.0,,6.5,9.97,,,,,,,
12Q970,2026-02-01,1018.5,1020.4,1020.1,2026-02-01 09:47:00,1016.8,2026-02-01 03:43:00,20.1,23.0,2026-02-01 16:03:00,17.3,2026-02-01 05:26:00,15.2,73,64,2026-02-01 11:20:00,1.1,330.0,5.5,270.0,2026-02-01 15:02:00,0.0,0.0,,0.0,,8.3,9.66,,,,,,,
12Q970,2026-02-02,1019.5,1021.4,1021.2,2026-02-02 09:20:00,1017.4,2026-02-02 14:31:00,20.1,26.6,2026-02-02 11:32:00,16.5,2026-02-02 23:54:00,15.3,74,49,2026-02-02 11:33:00,1.4,330.0,6.4,250.0,2026-02-02 13:29:00,0.0,0.0,,0.0,,8.3,11.33,,,,,,,
12Q970,2026-02-03,1020.5,1022.4,1022.7,2026-02-03 09:02:00,1018.8,2026-02-03 15:30:00,19.2,22.0,2026-02-03 12:22:00,15.2,2026-02-03 05:45:00,14.8,76,63,2026-02-03 12:25:00,1.3,280.0,6.5,280.0,2026-02-03 14:02:00,0.0,0.0,,0.0,,7.0,9.97,,,,,,,
12Q970,2026-02-04,1017.3,1019.1,1019.7,2026-02-04 09:04:00,1014.9,2026-02-04 15:35:00,21.3,25.6,2026-02-04 11:02:00,17.8,2026-02-04 06:30:00,16.8,75,53,2026-02-04 11:01:00,1.2,280.0,6.7,270.0,2026-02-04 14:15:00,0.0,0.0,,0.0,,7.7,9.57,,,,,,,
12Q970,2026-02-05,1014.9,1016.7,1017.0,2026-02-05 09:24:00,1012.6,2026-02-05 14:59:00,23.0,26.3,2026-02-05 10:43:00,19.3,2026-02-05 06:31:00,17.9,74,49,2026-02-05 10:44:00,1.1,280.0,6.5,260.0,2026-02-05 13:54:00,0.0,0.0,,0.0,,8.6,13.10,,,,,,,
12Q970,2026-02-06,1013.6,1015.5,1015.8,2026-02-06 08:55:00,1010.9,2026-02-06 15:07:00,22.5,27.8,2026-02-06 15:12:00,20.4,2026-02-06 23:58:00,19.9,85,62,2026-02-06 15:13:00,0.9,360.0,4.1,60.0,2026-02-06 09:24:00,1.5,1.0,2026-02-06 12:03:00,1.0,2026-02-06 11:13:00,5.8,8.61,,,,,,,
12Q970,2026-02-07,1015.1,1017.0,1018.7,2026-02-07 23:40:00,1012.9,2026-02-07 03:54:00,20.2,24.2,2026-02-07 11:00:00,16.2,2026-02-07 23:51:00,16.2,78,61,2026-02-07 17:49:00,1.6,330.0,6.8,280.0,2026-02-07 15:01:00,0.0,0.0,,0.0,,5.6,10.94,,,,,,,
12Q970,2026-02-08,1020.3,1022.2,1022.3,2026-02-08 21:10:00,1017.6,2026-02-08 02:26:00,16.7,19.6,2026-02-08 11:22:00,14.6,2026-02-08 07:17:00,10.4,66,55,2026-02-08 15:14:00,1.3,330.0,7.8,280.0,2026-02-08 12:33:00,0.0,0.0,,0.0,,7.4,8.00,,,,,,,
12Q970,2026-02-09,1019.7,1021.6,1022.3,2026-02-09 08:54:00,1017.0,2026-02-09 14:54:00,17.8,22.0,2026-02-09 15:16:00,14.0,2026-02-09 02:37:00,10.5,62,42,2026-02-09 11:34:00,1.2,330.0,7.7,290.0,2026-02-09 12:38:00,0.0,0.0,,0.0,,6.8,12.24,,,,,,,
12Q970,2026-02-10,1019.0,1020.9,1021.1,2026-02-10 07:38:00,1016.0,2026-02-10 15:35:00,19.0,23.4,2026-02-10 15:36:00,13.7,2026-02-10 06:53:00,12.5,67,47,2026-02-10 15:43:00,1.4,280.0,7.3,280.0,2026-02-10 15:01:00,0.0,0.0,,0.0,,5.7,12.68,,,,,,,
12Q970,2026-02-11,1018.8,1020.7,1019.9,2026-02-11 09:14:00,1015.8,2026-02-11 15:26:00,18.3,27.9,2026-02-11 15:58:00,16.9,2026-02-11 03:44:00,14.8,80,38,2026-02-11 15:59:00,0.7,350.0,6.2,270.0,2026-02-11 14:26:00,0.0,0.0,,0.0,,0.0,0.00,,,,,,,
12Q970,2026-02-12,1017.1,1019.0,1019.1,2026-02-12 09:45:00,1015.4,2026-02-12 15:05:00,20.8,24.9,2026-02-12 10:18:00,16.3,2026-02-12 06:57:00,15.8,74,53,2026-02-12 10:19:00,1.2,280.0,7.2,270.0,2026-02-12 13:07:00,0.0,0.0,,0.0,,6.2,13.14,,,,,,,
12Q970,2026-02-13,1015.4,1017.2,1017.2,2026-02-13 08:52:00,1013.3,2026-02-13 15:13:00,21.9,25.7,2026-02-13 12:15:00,18.5,2026-02-13 06:57:00,17.3,75,54,2026-02-13 12:31:00,1.2,280.0,6.0,280.0,2026-02-13 15:45:00,0.0,0.0,,0.0,,6.9,12.05,,,,,,,
12Q970,2026-02-14,1014.3,1016.2,1016.5,2026-02-14 08:49:00,1012.2,2026-02-14 16:16:00,22.8,26.7,2026-02-14 16:53:00,18.4,2026-02-14 06:19:00,17.3,71,53,2026-02-14 09:54:00,1.3,280.0,7.1,270.0,2026-02-14 13:38:00,0.0,0.0,,0.0,,6.1,14.14,,,,,,,
12Q970,2026-02-15,1014.1,1016.0,1015.9,2026-02-15 08:25:00,1012.2,2026-02-15 15:11:00,23.9,28.3,2026-02-15 09:47:00,19.8,2026-02-15 04:55:00,17.7,69,46,2026-02-15 15:13:00,1.2,280.0,6.4,280.0,2026-02-15 15:18:00,0.0,0.0,,0.0,,6.8,14.27,,,,,,,
12Q970,2026-02-16,1013.4,1015.2,1015.1,2026-02-16 09:03:00,1010.7,2026-02-16 15:38:00,23.2,28.1,2026-02-16 10:28:00,20.4,2026-02-16 05:16:00,19.1,78,51,2026-02-16 10:32:00,1.4,280.0,7.9,180.0,2026-02-16 16:43:00,0.0,0.0,,0.0,,7.7,13.90,,,,,,,
12Q970,2026-02-17,1015.7,1017.6,1017.9,2026-02-17 23:41:00,1014.1,2026-02-17 16:44:00,21.6,24.9,2026-02-17 16:38:00,19.6,2026-02-17 23:56:00,16.9,74,61,2026-02-17 16:38:00,1.6,340.0,4.9,350.0,2026-02-17 20:52:00,0.0,0.0,,0.0,,6.7,9.94,,,,,,,
12Q970,2026-02-18,1018.3,1020.2,1019.8,2026-02-18 08:58:00,1016.6,2026-02-18 14:18:00,20.4,24.2,2026-02-18 13:29:00,17.2,2026-02-18 06:40:00,14.8,70,57,2026-02-18 13:44:00,1.5,340.0,6.9,270.0,2026-02-18 16:28:00,0.0,0.0,,0.0,,5.9,11.51,,,,,,,
12Q970,2026-02-19,1019.3,1021.2,1020.9,2026-02-19 09:04:00,1017.3,2026-02-19 15:19:00,20.6,24.5,2026-02-19 11:01:00,18.0,2026-02-19 03:23:00,14.8,69,50,2026-02-19 10:59:00,1.4,340.0,7.6,270.0,2026-02-19 12:42:00,0.0,0.0,,0.0,,6.1,12.18,,,,,,,
12Q970,2026-02-20,1016.0,1017.8,1019.7,2026-02-20 00:06:00,1012.9,2026-02-20 16:06:00,21.7,26.9,2026-02-20 13:00:00,17.3,2026-02-20 06:07:00,14.9,67,42,2026-02-20 12:37:00,1.6,330.0,9.6,300.0,2026-02-20 14:29:00,0.0,0.0,,0.0,,6.4,13.65,,,,,,,
12Q970,2026-02-21,1011.5,1013.4,1014.5,2026-02-21 00:06:00,1008.9,2026-02-21 15:49:00,21.6,26.2,2026-02-21 11:28:00,18.0,2026-02-21 04:43:00,16.3,73,45,2026-02-21 11:28:00,1.0,280.0,5.1,280.0,2026-02-21 16:12:00,0.0,0.0,,0.0,,8.2,10.87,,,,,,,
12Q970,2026-02-22,1009.8,1011.7,1011.3,2026-02-22 08:53:00,1007.2,2026-02-22 15:26:00,23.9,30.4,2026-02-22 13:34:00,19.0,2026-02-22 05:09:00,16.8,66,38,2026-02-22 13:27:00,1.3,350.0,7.9,330.0,2026-02-22 14:30:00,0.0,0.0,,0.0,,6.3,15.31,,,,,,,
12Q970,2026-02-23,1011.4,1013.3,1012.8,2026-02-23 09:57:00,1009.8,2026-02-23 04:38:00,23.3,27.3,2026-02-23 09:58:00,19.8,2026-02-23 04:58:00,18.4,74,55,2026-02-23 09:59:00,1.4,280.0,7.6,260.0,2026-02-23 13:27:00,0.0,0.0,,0.0,,7.1,13.58,,,,,,,
12Q970,2026-02-24,1011.7,1013.6,1013.3,2026-02-24 09:39:00,1009.9,2026-02-24 15:48:00,24.3,28.6,2026-02-24 14:45:00,20.4,2026-02-24 04:34:00,19.7,76,56,2026-02-24 14:31:00,1.2,340.0,7.1,200.0,2026-02-24 16:14:00,0.0,0.0,,0.0,,8.2,11.89,,,,,,,
12Q970,2026-02-25,1011.7,1013.6,1013.0,2026-02-25 09:40:00,1009.7,2026-02-25 13:59:00,25.1,28.2,2026-02-25 09:49:00,21.8,2026-02-25 05:49:00,19.9,73,59,2026-02-25 09:47:00,1.2,280.0,7.0,270.0,2026-02-25 15:35:00,0.0,0.0,,0.0,,7.5,13.28,,,,,,,
12Q970,2026-02-26,1009.8,1011.7,1009.3,2026-02-26 21:54:00,1008.6,2026-02-26 23:58:00,24.3,24.9,2026-02-26 22:03:00,23.8,2026-02-26 23:51:00,19.7,76,73,2026-02-26 22:05:00,1.4,280.0,3.5,60.0,2026-02-26 22:18:00,0.0,0.0,,0.0,,8.1,15.34,,,,,,,
12Q970,2026-02-27,1007.5,1009.3,1009.2,2026-02-27 23:45:00,1004.5,2026-02-27 15:11:00,25.5,31.1,2026-02-27 13:50:00,23.5,2026-02-27 23:16:00,18.0,65,39,2026-02-27 14:14:00,1.3,340.0,6.5,340.0,2026-02-27 16:12:00,0.0,0.0,,0.0,,5.8,9.60,,,,,,,
12Q970,2026-02-28,1010.0,1011.8,1012.0,2026-02-28 10:24:00,1008.3,2026-02-28 03:21:00,22.8,24.8,2026-02-28 12:11:00,21.1,2026-02-28 23:56:00,19.8,83,69,2026-02-28 00:40:00,1.0,340.0,4.4,310.0,2026-02-28 14:33:00,0.0,0.0,,0.0,,3.3,3.65,,,,,,,
12Q970,2026-03-01,1008.8,1010.6,1010.9,2026-03-01 00:01:00,1006.3,2026-03-01 15:32:00,24.8,29.2,2026-03-01 13:08:00,20.7,2026-03-01 03:04:00,20.4,77,56,2026-03-01 13:09:00,2.3,180.0,12.1,190.0,2026-03-01 14:16:00,0.0,0.0,,0.0,,6.8,16.65,,,,,,,
12Q970,2026-03-02,1008.8,1010.6,1010.3,2026-03-02 23:49:00,1006.7,2026-03-02 15:08:00,26.3,30.7,2026-03-02 15:00:00,23.8,2026-03-02 06:04:00,21.6,75,53,2026-03-02 15:05:00,1.6,310.0,9.5,270.0,2026-03-02 13:07:00,0.0,0.0,,0.0,,8.1,16.07,,,,,,,
12Q970,2026-03-03,1011.1,1013.0,1013.8,2026-03-03 23:11:00,1009.0,2026-03-03 03:38:00,23.6,26.0,2026-03-03 15:27:00,20.9,2026-03-03 23:57:00,20.9,84,72,2026-03-03 16:30:00,1.2,340.0,7.3,270.0,2026-03-03 13:57:00,1.5,0.5,2026-03-03 09:44:00,1.5,2026-03-03 09:17:00,6.8,9.88,,,,,,,
12Q970,2026-03-04,1013.0,1014.9,1014.8,2026-03-04 09:23:00,1010.8,2026-03-04 15:34:00,21.5,24.2,2026-03-04 13:06:00,19.2,2026-03-04 05:17:00,18.1,81,67,2026-03-04 15:41:00,0.9,340.0,4.1,360.0,2026-03-04 20:50:00,0.0,0.0,,0.0,,7.2,6.32,,,,,,,
12Q970,2026-03-05,1012.5,1014.3,1013.8,2026-03-05 10:42:00,1011.1,2026-03-05 15:18:00,21.1,23.6,2026-03-05 13:23:00,19.5,2026-03-05 00:59:00,19.2,89,74,2026-03-05 13:10:00,0.9,340.0,5.6,350.0,2026-03-05 21:03:00,0.5,0.5,2026-03-05 13:29:00,0.5,2026-03-05 12:39:00,6.4,6.27,,,,,,,
12Q970,2026-03-06,1012.9,1014.7,1015.1,2026-03-06 23:34:00,1010.6,2026-03-06 14:22:00,22.4,27.3,2026-03-06 13:05:00,18.8,2026-03-06 05:54:00,17.7,76,52,2026-03-06 13:06:00,1.7,340.0,7.9,270.0,2026-03-06 15:15:00,0.0,0.0,,0.0,,6.7,15.53,,,,,,,
12Q970,2026-03-07,1015.8,1017.7,1017.8,2026-03-07 23:58:00,1014.0,2026-03-07 03:12:00,21.3,25.1,2026-03-07 13:10:00,17.3,2026-03-07 06:24:00,16.1,72,59,2026-03-07 11:28:00,1.5,340.0,7.1,280.0,2026-03-07 14:14:00,0.0,0.0,,0.0,,8.2,15.53,,,,,,,
12Q970,2026-03-08,1017.3,1019.2,1019.1,2026-03-08 08:07:00,1015.1,2026-03-08 15:58:00,21.0,25.1,2026-03-08 14:07:00,16.6,2026-03-08 06:29:00,15.4,70,53,2026-03-08 10:26:00,1.6,340.0,7.5,270.0,2026-03-08 12:03:00,0.0,0.0,,0.0,,6.7,14.50,,,,,,,
12Q970,2026-03-09,1018.2,1020.1,1019.7,2026-03-09 08:57:00,1016.3,2026-03-09 14:57:00,21.1,25.7,2026-03-09 11:20:00,17.6,2026-03-09 06:30:00,15.3,69,55,2026-03-09 10:47:00,1.7,340.0,7.7,280.0,2026-03-09 13:17:00,0.0,0.0,,0.0,,7.8,15.60,,,,,,,
12Q970,2026-03-10,1018.1,1020.0,1019.8,2026-03-10 09:50:00,1016.4,2026-03-10 15:27:00,19.1,23.1,2026-03-10 11:10:00,16.8,2026-03-10 05:27:00,13.2,69,56,2026-03-10 11:10:00,1.1,340.0,5.5,280.0,2026-03-10 12:43:00,0.0,0.0,,0.0,,6.1,8.91,,,,,,,
12Q970,2026-03-11,1015.4,1017.3,1016.0,2026-03-11 23:08:00,1012.9,2026-03-11 14:47:00,20.6,25.1,2026-03-11 15:26:00,19.7,2026-03-11 23:59:00,14.6,69,51,2026-03-11 15:26:00,1.6,340.0,8.5,280.0,2026-03-11 14:23:00,0.0,0.0,,0.0,,6.0,12.89,,,,,,,
12Q970,2026-03-12,1015.3,1017.2,1017.8,2026-03-12 23:26:00,1012.3,2026-03-12 15:28:00,21.7,29.7,2026-03-12 14:40:00,17.1,2026-03-12 06:06:00,12.7,59,32,2026-03-12 16:38:00,1.2,340.0,9.5,180.0,2026-03-12 16:03:00,0.0,0.0,,0.0,,7.4,17.03,,,,,,,
12Q970,2026-03-13,1019.0,1020.9,1020.7,2026-03-13 22:04:00,1016.8,2026-03-13 03:02:00,18.9,21.9,2026-03-13 13:39:00,14.5,2026-03-13 05:54:00,10.6,59,44,2026-03-13 10:03:00,1.5,280.0,8.3,250.0,2026-03-13 13:20:00,0.0,0.0,,0.0,,7.3,17.50,,,,,,,
12Q970,2026-03-14,1020.5,1022.4,1022.6,2026-03-14 09:48:00,1018.8,2026-03-14 16:17:00,20.7,24.3,2026-03-14 10:28:00,16.6,2026-03-14 05:32:00,12.3,59,41,2026-03-14 10:30:00,1.2,280.0,8.3,280.0,2026-03-14 12:21:00,0.0,0.0,,0.0,,6.5,16.03,,,,,,,
12Q970,2026-03-15,1019.2,1021.0,1021.8,2026-03-15 09:06:00,1016.8,2026-03-15 15:40:00,21.1,25.3,2026-03-15 10:10:00,16.6,2026-03-15 06:22:00,13.8,64,43,2026-03-15 10:12:00,1.4,340.0,8.2,270.0,2026-03-15 14:23:00,0.0,0.0,,0.0,,8.9,17.42,,,,,,,
12Q970,2026-03-16,1016.8,1018.6,1018.8,2026-03-16 00:01:00,1014.1,2026-03-16 15:10:00,21.7,25.7,2026-03-16 10:26:00,16.8,2026-03-16 05:55:00,14.1,63,37,2026-03-16 10:14:00,1.5,280.0,8.9,280.0,2026-03-16 13:41:00,0.0,0.0,,0.0,,6.9,17.84,,,,,,,
12Q970,2026-03-17,1015.3,1017.2,1017.2,2026-03-17 08:46:00,1012.8,2026-03-17 15:08:00,22.9,27.6,2026-03-17 11:17:00,18.1,2026-03-17 06:06:00,15.2,63,35,2026-03-17 11:01:00,1.4,280.0,8.5,270.0,2026-03-17 12:57:00,0.0,0.0,,0.0,,7.4,19.38,,,,,,,
12Q970,2026-03-18,1014.2,1016.0,1016.3,2026-03-18 09:23:00,1011.8,2026-03-18 16:02:00,23.6,27.6,2026-03-18 10:01:00,18.7,2026-03-18 05:13:00,16.7,66,39,2026-03-18 09:17:00,1.2,210.0,6.8,240.0,2026-03-18 14:20:00,0.0,0.0,,0.0,,7.7,19.94,,,,,,,
12Q970,2026-03-19,1012.7,1014.6,1014.8,2026-03-19 09:23:00,1010.4,2026-03-19 15:17:00,24.0,28.5,2026-03-19 10:33:00,20.1,2026-03-19 05:35:00,18.5,72,52,2026-03-19 10:33:00,1.7,280.0,9.4,280.0,2026-03-19 14:12:00,0.0,0.0,,0.0,,7.3,17.57,,,,,,,
12Q970,2026-03-20,1013.7,1015.5,1015.3,2026-03-20 23:17:00,1012.0,2026-03-20 16:14:00,23.1,26.7,2026-03-20 12:35:00,19.4,2026-03-20 06:04:00,18.3,75,58,2026-03-20 12:36:00,1.5,340.0,7.7,280.0,2026-03-20 14:02:00,0.0,0.0,,0.0,,8.3,17.67,,,,,,,
12Q970,2026-03-21,1014.3,1016.1,1016.2,2026-03-21 09:53:00,1012.3,2026-03-21 16:00:00,23.7,28.9,2026-03-21 14:33:00,19.5,2026-03-21 04:55:00,18.5,73,49,2026-03-21 14:39:00,1.3,340.0,6.5,270.0,2026-03-21 16:00:00,0.0,0.0,,0.0,,7.3,16.73,,,,,,,
12Q970,2026-03-22,1013.6,1015.5,1015.3,2026-03-22 09:28:00,1012.2,2026-03-22 15:03:00,23.9,26.6,2026-03-22 10:55:00,20.1,2026-03-22 06:53:00,19.0,74,64,2026-03-22 10:55:00,1.4,280.0,7.4,290.0,2026-03-22 15:39:00,0.0,0.0,,0.0,,8.1,18.69,,,,,,,
12Q970,2026-03-23,1012.6,1014.5,1012.9,2026-03-23 21:14:00,1011.9,2026-03-23 19:19:00,24.9,24.9,2026-03-23 19:31:00,24.0,2026-03-23 23:34:00,20.5,77,83,2026-03-23 19:31:00,1.3,230.0,2.8,160.0,2026-03-23 20:57:00,0.0,0.0,,0.0,,7.3,15.08,,,,,,,
12Q970,2026-03-24,1012.2,1014.1,1012.9,2026-03-24 09:30:00,1009.1,2026-03-24 15:56:00,23.5,27.9,2026-03-24 14:26:00,22.4,2026-03-24 03:28:00,21.3,87,63,2026-03-24 14:27:00,0.9,90.0,6.6,250.0,2026-03-24 12:27:00,0.0,0.0,,0.0,,0.0,0.00,,,,,,,
12Q970,2026-03-25,1010.5,1012.3,1011.9,2026-03-25 09:33:00,1009.0,2026-03-25 14:54:00,25.9,30.9,2026-03-25 11:35:00,22.6,2026-03-25 05:28:00,20.8,74,49,2026-03-25 11:35:00,1.8,340.0,9.3,270.0,2026-03-25 12:42:00,0.0,0.0,,0.0,,8.5,18.03,,,,,,,
12Q970,2026-03-26,1010.8,1012.7,1012.2,2026-03-26 09:13:00,1008.7,2026-03-26 15:16:00,25.6,27.6,2026-03-26 08:57:00,23.6,2026-03-26 06:17:00,21.4,77,65,2026-03-26 17:02:00,1.8,290.0,9.4,270.0,2026-03-26 13:04:00,0.5,0.5,2026-03-26 20:09:00,0.5,2026-03-26 19:19:00,9.0,18.94,,,,,,,
12Q970,2026-03-27,1009.5,1011.4,1011.5,2026-03-27 00:02:00,1006.8,2026-03-27 16:36:00,26.1,30.8,2026-03-27 12:48:00,22.5,2026-03-27 06:13:00,19.8,69,50,2026-03-27 12:08:00,1.6,320.0,8.8,310.0,2026-03-27 13:46:00,0.0,0.0,,0.0,,9.0,16.93,,,,,,,
12Q970,2026-03-28,1010.4,1012.2,1012.4,2026-03-28 08:59:00,1008.6,2026-03-28 15:32:00,25.0,28.6,2026-03-28 11:54:00,22.6,2026-03-28 06:15:00,20.2,75,56,2026-03-28 12:33:00,1.3,280.0,6.3,270.0,2026-03-28 13:27:00,0.0,0.0,,0.0,,9.4,16.95,,,,,,,
12Q970,2026-03-29,1009.5,1011.3,1011.7,2026-03-29 23:08:00,1006.2,2026-03-29 16:10:00,26.1,31.5,2026-03-29 11:47:00,21.8,2026-03-29 06:17:00,20.1,71,44,2026-03-29 11:47:00,1.6,330.0,9.3,320.0,2026-03-29 14:13:00,0.0,0.0,,0.0,,9.0,19.23,,,,,,,
12Q970,2026-03-30,1010.0,1011.9,1011.6,2026-03-30 00:01:00,1008.7,2026-03-30 05:15:00,25.9,29.6,2026-03-30 12:41:00,22.6,2026-03-30 04:50:00,20.9,74,56,2026-03-30 12:31:00,1.7,340.0,8.4,280.0,2026-03-30 16:25:00,0.0,0.0,,0.0,,9.0,19.06,,,,,,,
12Q970,2026-03-31,1009.9,1011.8,1011.6,2026-03-31 08:54:00,1007.7,2026-03-31 16:52:00,25.4,29.4,2026-03-31 09:47:00,21.7,2026-03-31 05:56:00,21.0,77,59,2026-03-31 09:49:00,1.5,280.0,6.9,280.0,2026-03-31 12:07:00,0.0,0.0,,0.0,,8.4,20.82,,,,,,,
12Q970,2026-04-01,1010.7,1012.5,1012.8,2026-04-01 23:41:00,1009.1,2026-04-01 04:56:00,25.5,29.2,2026-04-01 13:40:00,23.1,2026-04-01 06:04:00,21.7,80,62,2026-04-01 14:28:00,1.8,280.0,11.3,270.0,2026-04-01 12:22:00,2.5,2.0,2026-04-01 16:28:00,2.5,2026-04-01 15:57:00,7.3,14.84,,,,,,,
12Q970,2026-04-02,1012.3,1014.1,1014.3,2026-04-02 10:01:00,1010.2,2026-04-02 16:18:00,25.3,28.1,2026-04-02 09:33:00,23.0,2026-04-02 05:44:00,20.3,74,56,2026-04-02 10:45:00,1.4,280.0,8.4,270.0,2026-04-02 13:33:00,0.0,0.0,,0.0,,8.7,16.95,,,,,,,
12Q970,2026-04-03,1008.7,1010.6,1012.3,2026-04-03 00:01:00,1005.5,2026-04-03 15:37:00,26.0,29.6,2026-04-03 11:39:00,22.0,2026-04-03 05:39:00,21.1,74,55,2026-04-03 11:39:00,2.9,180.0,13.1,180.0,2026-04-03 15:53:00,0.0,0.0,,0.0,,9.7,19.07,,,,,,,
12Q970,2026-04-04,1007.7,1009.5,1009.9,2026-04-04 20:38:00,1006.0,2026-04-04 15:06:00,23.8,28.0,2026-04-04 11:04:00,20.2,2026-04-04 21:13:00,21.7,88,72,2026-04-04 12:37:00,1.2,100.0,7.2,300.0,2026-04-04 12:41:00,47.0,16.5,2026-04-04 12:41:00,29.0,2026-04-04 19:10:00,4.0,4.89,,,,,,,
12Q970,2026-04-05,1008.8,1010.6,1009.9,2026-04-05 10:06:00,1007.4,2026-04-05 16:02:00,24.9,27.9,2026-04-05 12:45:00,20.7,2026-04-05 00:01:00,21.8,83,65,2026-04-05 09:54:00,1.5,180.0,4.6,180.0,2026-04-05 12:36:00,0.5,0.5,2026-04-05 00:14:00,0.5,2026-04-05 23:59:00,9.2,10.13,,,,,,,
12Q970,2026-04-06,1009.0,1010.8,1010.1,2026-04-06 22:14:00,1007.6,2026-04-06 15:45:00,26.1,28.4,2026-04-06 14:12:00,24.6,2026-04-06 23:13:00,22.8,82,71,2026-04-06 16:04:00,1.5,180.0,5.7,160.0,2026-04-06 12:57:00,0.0,0.0,,0.0,,6.6,9.24,,,,,,,
12Q970,2026-04-07,1009.7,1011.5,1011.4,2026-04-07 22:20:00,1007.8,2026-04-07 04:11:00,25.9,29.6,2026-04-07 09:58:00,23.0,2026-04-07 04:58:00,22.4,81,63,2026-04-07 10:00:00,1.8,340.0,9.1,270.0,2026-04-07 12:48:00,0.0,0.0,,0.0,,8.8,10.79,,,,,,,
12Q970,2026-04-08,1011.5,1013.3,1013.3,2026-04-08 10:16:00,1010.1,2026-04-08 03:14:00,26.0,29.5,2026-04-08 12:09:00,24.5,2026-04-08 05:13:00,23.1,84,67,2026-04-08 12:10:00,1.3,280.0,5.9,280.0,2026-04-08 16:04:00,0.0,0.0,,0.0,,6.8,10.17,,,,,,,
12Q970,2026-04-09,1010.8,1012.7,1010.8,2026-04-09 22:25:00,1009.7,2026-04-09 19:48:00,26.3,26.4,2026-04-09 19:48:00,24.4,2026-04-09 23:59:00,23.5,84,84,2026-04-09 21:35:00,1.5,240.0,3.1,230.0,2026-04-09 19:50:00,0.0,0.0,,0.0,,8.4,17.52,,,,,,,
12Q970,2026-04-10,1009.8,1011.7,1011.2,2026-04-10 08:22:00,1008.1,2026-04-10 16:09:00,26.1,30.9,2026-04-10 15:24:00,21.4,2026-04-10 05:52:00,20.8,73,51,2026-04-10 15:27:00,1.6,280.0,8.6,270.0,2026-04-10 13:02:00,0.0,0.0,,0.0,,8.7,21.70,,,,,,,
12Q970,2026-04-11,1009.8,1011.6,1011.5,2026-04-11 09:50:00,1008.3,2026-04-11 16:14:00,25.8,29.7,2026-04-11 12:17:00,22.0,2026-04-11 04:57:00,20.9,74,58,2026-04-11 08:15:00,1.4,240.0,6.1,240.0,2026-04-11 13:59:00,0.0,0.0,,0.0,,9.2,21.68,,,,,,,
12Q970,2026-04-12,1010.0,1011.8,1011.8,2026-04-12 08:29:00,1008.1,2026-04-12 15:56:00,26.1,29.4,2026-04-12 15:49:00,22.3,2026-04-12 04:45:00,21.3,75,58,2026-04-12 14:53:00,1.5,280.0,6.4,220.0,2026-04-12 12:38:00,0.0,0.0,,0.0,,8.8,22.74,,,,,,,
12Q970,2026-04-13,1011.0,1012.8,1011.8,2026-04-13 23:19:00,1011.4,2026-04-13 23:58:00,26.4,25.3,2026-04-13 23:18:00,24.4,2026-04-13 23:57:00,21.4,75,83,2026-04-13 23:26:00,1.3,270.0,2.0,30.0,2026-04-13 23:48:00,0.0,0.0,,0.0,,9.6,23.23,,,,,,,
12Q970,2026-04-14,1010.4,1012.3,1011.8,2026-04-14 11:06:00,1008.6,2026-04-14 15:38:00,26.1,29.0,2026-04-14 14:26:00,25.0,2026-04-14 23:31:00,21.1,74,62,2026-04-14 11:22:00,1.3,280.0,7.4,270.0,2026-04-14 15:06:00,0.0,0.0,,0.0,,7.6,20.15,,,,,,,
12Q970,2026-04-15,1009.0,1010.8,1010.8,2026-04-15 10:07:00,1007.2,2026-04-15 15:50:00,26.6,30.1,2026-04-15 10:36:00,23.1,2026-04-15 06:07:00,22.2,77,57,2026-04-15 09:57:00,1.6,340.0,7.5,270.0,2026-04-15 16:08:00,0.0,0.0,,0.0,,9.5,18.42,,,,,,,
12Q970,2026-04-16,1009.5,1011.3,1011.1,2026-04-16 23:04:00,1008.1,2026-04-16 16:52:00,26.8,29.2,2026-04-16 11:24:00,24.5,2026-04-16 06:23:00,22.6,78,64,2026-04-16 16:49:00,1.8,280.0,8.4,270.0,2026-04-16 14:28:00,0.0,0.0,,0.0,,9.3,17.43,,,,,,,
12Q970,2026-04-17,1009.5,1011.4,1011.1,2026-04-17 21:53:00,1007.3,2026-04-17 16:45:00,26.2,29.6,2026-04-17 12:30:00,23.5,2026-04-17 05:21:00,21.7,76,54,2026-04-17 16:32:00,1.8,340.0,9.9,270.0,2026-04-17 14:07:00,0.0,0.0,,0.0,,9.9,21.15,,,,,,,
12Q970,2026-04-18,1009.1,1010.9,1010.6,2026-04-18 00:01:00,1007.6,2026-04-18 16:29:00,26.3,29.4,2026-04-18 14:36:00,23.7,2026-04-18 04:40:00,21.9,77,63,2026-04-18 17:28:00,1.7,340.0,8.7,270.0,2026-04-18 13:55:00,0.0,0.0,,0.0,,9.7,19.25,,,,,,,
12Q970,2026-04-19,1009.4,1011.3,1011.3,2026-04-19 22:41:00,1007.7,2026-04-19 15:55:00,26.4,30.4,2026-04-19 13:31:00,25.2,2026-04-19 20:37:00,21.3,74,50,2026-04-19 13:53:00,1.5,270.0,6.7,270.0,2026-04-19 13:49:00,0.0,0.0,,0.0,,8.3,17.77,,,,,,,
12Q970,2026-04-20,1011.0,1012.8,1012.6,2026-04-20 22:38:00,1009.4,2026-04-20 16:59:00,26.5,29.9,2026-04-20 09:01:00,23.3,2026-04-20 05:05:00,21.7,75,59,2026-04-20 09:03:00,1.5,280.0,7.6,270.0,2026-04-20 14:13:00,0.0,0.0,,0.0,,9.3,22.49,,,,,,,
12Q970,2026-04-21,1010.2,1012.1,1012.3,2026-04-21 07:27:00,1007.6,2026-04-21 15:35:00,27.6,32.7,2026-04-21 13:46:00,23.4,2026-04-21 04:06:00,20.5,66,42,2026-04-21 14:03:00,1.5,100.0,9.8,160.0,2026-04-21 15:06:00,0.0,0.0,,0.0,,9.5,22.47,,,,,,,
12Q970,2026-04-22,1008.2,1010.0,1008.7,2026-04-22 23:19:00,1006.4,2026-04-22 17:11:00,27.0,29.6,2026-04-22 13:46:00,25.9,2026-04-22 23:55:00,22.6,77,69,2026-04-22 13:47:00,1.9,190.0,9.5,160.0,2026-04-22 14:17:00,0.0,0.0,,0.0,,8.0,16.46,,,,,,,
12Q970,2026-04-23,1007.7,1009.5,1009.8,2026-04-23 22:09:00,1006.1,2026-04-23 15:12:00,27.2,30.5,2026-04-23 14:18:00,23.9,2026-04-23 05:35:00,21.9,73,56,2026-04-23 14:15:00,1.9,340.0,9.8,280.0,2026-04-23 12:58:00,0.0,0.0,,0.0,,9.9,20.20,,,,,,,
12Q970,2026-04-24,1010.1,1011.9,,,,,26.8,,,,,21.8,73,,,1.3,340.0,,,,0.0,,,,,9.1,11.73,,,,,,,
12Q970,2026-04-25,1012.4,1014.3,1014.1,2026-04-25 09:19:00,1010.6,2026-04-25 03:09:00,23.7,24.9,2026-04-25 11:54:00,22.5,2026-04-25 23:36:00,21.8,89,81,2026-04-25 17:05:00,1.2,340.0,6.7,350.0,2026-04-25 01:10:00,15.0,7.5,2026-04-25 00:58:00,13.0,2026-04-25 00:17:00,5.4,4.99,,,,,,,
12Q970,2026-04-26,1011.1,1013.0,1012.7,2026-04-26 09:18:00,1009.2,2026-04-26 15:43:00,25.2,29.2,2026-04-26 11:24:00,21.5,2026-04-26 05:16:00,20.8,77,59,2026-04-26 10:50:00,1.5,270.0,6.5,280.0,2026-04-26 15:55:00,0.0,0.0,,0.0,,8.9,23.47,,,,,,,
12Q970,2026-04-27,1011.2,1013.1,1013.1,2026-04-27 08:14:00,1009.1,2026-04-27 15:39:00,26.0,31.1,2026-04-27 14:41:00,21.4,2026-04-27 05:36:00,19.0,67,24,2026-04-27 14:56:00,1.5,280.0,7.4,290.0,2026-04-27 12:11:00,0.0,0.0,,0.0,,9.0,22.91,,,,,,,
12Q970,2026-04-28,1009.8,1011.7,1011.2,2026-04-28 09:11:00,1007.8,2026-04-28 16:30:00,26.7,30.9,2026-04-28 10:25:00,25.9,2026-04-28 23:38:00,19.6,66,34,2026-04-28 10:06:00,1.2,280.0,6.1,280.0,2026-04-28 13:52:00,0.0,0.0,,0.0,,8.3,16.50,,,,,,,
12Q970,2026-04-29,1009.8,1011.6,1012.2,2026-04-29 21:56:00,1007.8,2026-04-29 03:56:00,27.1,30.2,2026-04-29 08:50:00,23.7,2026-04-29 04:46:00,23.7,81,59,2026-04-29 08:42:00,1.8,180.0,9.2,190.0,2026-04-29 10:13:00,0.0,0.0,,0.0,,9.7,16.38,,,,,,,
12Q970,2026-04-30,1010.8,1012.6,1012.6,2026-04-30 22:11:00,1009.0,2026-04-30 03:00:00,26.9,29.9,2026-04-30 14:19:00,24.2,2026-04-30 23:39:00,22.9,79,67,2026-04-30 14:26:00,1.4,280.0,6.0,270.0,2026-04-30 12:53:00,0.0,0.0,,0.0,,10.3,20.10,,,,,,,
12Q970,2026-05-01,1011.8,1013.7,1013.3,2026-05-01 08:47:00,1010.2,2026-05-01 16:33:00,25.4,28.4,2026-05-01 10:47:00,22.4,2026-05-01 04:31:00,21.0,77,62,2026-05-01 10:48:00,1.5,280.0,6.7,270.0,2026-05-01 14:53:00,0.0,0.0,,0.0,,9.1,17.41,,,,,,,
12Q970,2026-05-02,1010.2,1012.0,1010.1,2026-05-02 22:56:00,1009.7,2026-05-02 23:59:00,26.9,27.1,2026-05-02 23:15:00,26.8,2026-05-02 23:59:00,22.1,75,80,2026-05-02 23:47:00,1.5,280.0,2.1,110.0,2026-05-02 22:56:00,0.0,0.0,,0.0,,9.9,22.85,,,,,,,
12Q970,2026-05-03,1008.8,1010.6,1010.5,2026-05-03 09:49:00,1006.5,2026-05-03 16:36:00,28.5,30.9,2026-05-03 16:24:00,26.0,2026-05-03 05:30:00,23.9,76,61,2026-05-03 16:24:00,1.8,330.0,9.3,270.0,2026-05-03 15:34:00,0.0,0.0,,0.0,,9.3,24.41,,,,,,,
12Q970,2026-05-04,1011.5,1013.3,1013.2,2026-05-04 22:05:00,1009.5,2026-05-04 02:34:00,27.3,29.5,2026-05-04 08:30:00,25.4,2026-05-04 05:32:00,22.4,75,61,2026-05-04 23:59:00,1.9,280.0,9.1,280.0,2026-05-04 11:07:00,0.0,0.0,,0.0,,10.0,20.91,,,,,,,
12Q970,2026-05-05,1011.2,1013.1,1013.2,2026-05-05 09:40:00,1009.4,2026-05-05 16:17:00,26.2,29.9,2026-05-05 12:35:00,24.3,2026-05-05 23:27:00,20.8,72,57,2026-05-05 12:34:00,1.2,340.0,6.9,270.0,2026-05-05 15:36:00,0.0,0.0,,0.0,,7.6,10.58,,,,,,,
12Q970,2026-05-06,1010.2,1012.0,1011.3,2026-05-06 09:04:00,1008.5,2026-05-06 16:19:00,27.4,31.2,2026-05-06 14:31:00,23.6,2026-05-06 05:07:00,21.5,71,53,2026-05-06 16:11:00,1.6,280.0,6.8,270.0,2026-05-06 12:33:00,0.0,0.0,,0.0,,9.2,24.52,,,,,,,
12Q970,2026-05-07,1009.9,1011.7,1011.5,2026-05-07 07:48:00,1008.1,2026-05-07 15:09:00,27.8,31.8,2026-05-07 09:56:00,24.3,2026-05-07 05:14:00,22.4,73,56,2026-05-07 13:03:00,1.3,280.0,7.2,270.0,2026-05-07 11:54:00,0.0,0.0,,0.0,,9.5,24.27,,,,,,,
12Q970,2026-05-08,1010.3,1012.2,1011.9,2026-05-08 22:23:00,1008.8,2026-05-08 17:10:00,28.3,30.2,2026-05-08 17:05:00,26.7,2026-05-08 23:37:00,21.9,68,52,2026-05-08 17:31:00,1.4,280.0,4.1,280.0,2026-05-08 17:20:00,0.0,0.0,,0.0,,8.6,22.14,,,,,,,
12Q970,2026-05-09,1011.2,1013.1,1012.7,2026-05-09 09:31:00,1010.2,2026-05-09 15:46:00,27.2,29.9,2026-05-09 10:44:00,26.4,2026-05-09 23:58:00,21.8,72,55,2026-05-09 15:28:00,1.4,270.0,7.4,280.0,2026-05-09 14:08:00,0.0,0.0,,0.0,,6.9,17.50,,,,,,,
12Q970,2026-05-10,1010.7,1012.5,1012.1,2026-05-10 09:56:00,1009.1,2026-05-10 15:47:00,27.3,30.0,2026-05-10 14:49:00,24.5,2026-05-10 05:10:00,21.9,72,59,2026-05-10 15:04:00,1.6,280.0,7.4,270.0,2026-05-10 12:27:00,0.0,0.0,,0.0,,9.5,19.93,,,,,,,
12Q970,2026-05-11,1008.8,1010.7,1010.9,2026-05-11 08:18:00,1006.9,2026-05-11 16:01:00,27.8,31.1,2026-05-11 14:22:00,24.9,2026-05-11 05:33:00,22.0,71,53,2026-05-11 17:01:00,1.8,280.0,9.4,280.0,2026-05-11 13:49:00,0.0,0.0,,0.0,,10.1,22.54,,,,,,,
12Q970,2026-05-12,1006.3,1008.1,1007.4,2026-05-12 22:03:00,1006.2,2026-05-12 23:58:00,28.0,27.6,2026-05-12 23:00:00,27.2,2026-05-12 21:28:00,21.9,70,71,2026-05-12 23:25:00,1.7,340.0,2.7,270.0,2026-05-12 21:43:00,0.0,0.0,,0.0,,9.2,21.65,,,,,,,
12Q970,2026-05-13,1005.8,1007.6,1007.6,2026-05-13 09:11:00,1004.1,2026-05-13 16:11:00,28.1,30.6,2026-05-13 14:18:00,25.6,2026-05-13 05:36:00,22.5,71,59,2026-05-13 14:17:00,1.5,280.0,7.4,270.0,2026-05-13 16:12:00,0.0,0.0,,0.0,,10.8,22.96,,,,,,,
12Q970,2026-05-14,1006.3,1008.1,1007.8,2026-05-14 20:57:00,1004.5,2026-05-14 01:29:00,27.8,30.8,2026-05-14 09:11:00,25.5,2026-05-14 05:25:00,23.6,78,64,2026-05-14 09:09:00,1.3,280.0,6.1,280.0,2026-05-14 13:03:00,0.0,0.0,,0.0,,8.9,13.15,,,,,,,
12Q970,2026-05-15,1007.3,1009.1,1008.7,2026-05-15 22:01:00,1005.9,2026-05-15 16:38:00,28.2,32.3,2026-05-15 09:54:00,23.9,2026-05-15 05:40:00,21.7,69,46,2026-05-15 09:54:00,1.4,280.0,6.8,270.0,2026-05-15 11:34:00,0.0,0.0,,0.0,,9.7,23.86,,,,,,,
12Q970,2026-05-16,1009.2,1011.0,1011.1,2026-05-16 23:08:00,1009.5,2026-05-16 18:51:00,26.3,24.4,2026-05-16 22:55:00,23.2,2026-05-16 18:55:00,23.3,83,90,2026-05-16 22:44:00,1.6,100.0,2.8,60.0,2026-05-16 19:03:00,1.5,0.5,2026-05-16 18:34:00,0.5,2026-05-16 17:44:00,7.4,13.25,,,,,,,
12Q970,2026-05-17,1009.7,1011.5,1010.9,2026-05-17 00:01:00,1008.6,2026-05-17 16:08:00,25.9,29.5,2026-05-17 13:30:00,23.4,2026-05-17 04:43:00,22.6,82,60,2026-05-17 09:05:00,1.3,280.0,7.5,280.0,2026-05-17 13:05:00,0.0,0.0,,0.0,,7.2,18.20,,,,,,,
12Q970,2026-05-18,1009.3,1011.1,1010.6,2026-05-18 10:49:00,1007.6,2026-05-18 16:19:00,26.5,30.4,2026-05-18 09:40:00,24.0,2026-05-18 03:13:00,22.4,78,57,2026-05-18 09:40:00,1.6,280.0,8.9,280.0,2026-05-18 14:51:00,0.0,0.0,,0.0,,9.5,13.03,,,,,,,
12Q970,2026-05-19,1008.5,1010.3,1009.5,2026-05-19 09:41:00,1007.0,2026-05-19 16:39:00,26.9,30.1,2026-05-19 12:20:00,23.7,2026-05-19 05:20:00,22.7,78,59,2026-05-19 11:57:00,1.6,280.0,8.4,270.0,2026-05-19 14:59:00,0.0,0.0,,0.0,,9.0,15.51,,,,,,,
12Q970,2026-05-20,1008.4,1010.3,1010.0,2026-05-20 22:46:00,1007.2,2026-05-20 16:18:00,27.5,30.7,2026-05-20 14:29:00,24.4,2026-05-20 05:52:00,23.1,77,63,2026-05-20 13:45:00,1.7,100.0,7.0,220.0,2026-05-20 12:30:00,0.0,0.0,,0.0,,9.8,25.57,,,,,,,
12Q970,2026-05-21,1009.9,1011.7,1011.7,2026-05-21 09:25:00,1008.5,2026-05-21 14:56:00,28.4,30.8,2026-05-21 17:50:00,25.3,2026-05-21 03:23:00,24.1,77,60,2026-05-21 09:22:00,1.7,280.0,8.7,280.0,2026-05-21 13:39:00,0.0,0.0,,0.0,,10.8,22.74,,,,,,,
12Q970,2026-05-22,1009.6,1011.4,1011.2,2026-05-22 07:26:00,1008.0,2026-05-22 17:43:00,29.1,32.2,2026-05-22 08:46:00,26.4,2026-05-22 05:01:00,24.4,76,62,2026-05-22 14:07:00,1.7,280.0,9.3,270.0,2026-05-22 12:26:00,0.0,0.0,,0.0,,9.4,24.31,,,,,,,
12Q970,2026-05-23,1009.0,1010.9,1010.6,2026-05-23 07:22:00,1007.3,2026-05-23 15:41:00,30.0,35.1,2026-05-23 11:10:00,26.1,2026-05-23 05:39:00,23.0,68,40,2026-05-23 11:01:00,1.4,330.0,7.7,310.0,2026-05-23 15:56:00,0.0,0.0,,0.0,,10.2,20.84,,,,,,,
12Q970,2026-05-24,1008.8,1010.6,1010.9,2026-05-24 08:28:00,1007.0,2026-05-24 15:59:00,29.8,34.1,2026-05-24 10:57:00,25.6,2026-05-24 05:13:00,23.6,70,47,2026-05-24 14:21:00,1.8,340.0,10.3,280.0,2026-05-24 12:37:00,0.0,0.0,,0.0,,9.9,25.27,,,,,,,
12Q970,2026-05-25,1007.5,1009.4,1009.8,2026-05-25 08:42:00,1005.5,2026-05-25 16:33:00,29.8,34.0,2026-05-25 12:45:00,25.6,2026-05-25 05:39:00,23.9,71,53,2026-05-25 13:06:00,2.1,310.0,9.8,320.0,2026-05-25 15:10:00,0.0,0.0,,0.0,,10.1,23.85,,,,,,,
12Q970,2026-05-26,1006.7,1008.5,1008.3,2026-05-26 08:12:00,1004.7,2026-05-26 15:46:00,30.1,33.9,2026-05-26 13:46:00,26.5,2026-05-26 04:35:00,23.9,70,47,2026-05-26 13:51:00,1.9,340.0,9.7,280.0,2026-05-26 11:49:00,0.0,0.0,,0.0,,9.5,24.32,,,,,,,
12Q970,2026-05-27,1007.2,1009.0,1008.6,2026-05-27 22:13:00,1005.4,2026-05-27 16:28:00,29.8,34.8,2026-05-27 12:15:00,28.0,2026-05-27 23:59:00,24.7,75,48,2026-05-27 11:52:00,1.9,320.0,9.8,300.0,2026-05-27 16:22:00,0.0,0.0,,0.0,,8.4,20.23,,,,,,,
12Q970,2026-05-28,1007.7,1009.5,1009.4,2026-05-28 09:33:00,1005.4,2026-05-28 15:42:00,29.7,32.3,2026-05-28 08:38:00,27.1,2026-05-28 05:14:00,25.2,77,58,2026-05-28 09:24:00,2.2,280.0,10.5,270.0,2026-05-28 14:15:00,0.0,0.0,,0.0,,10.2,25.42,,,,,,,
12Q970,2026-05-29,1007.2,1009.0,1008.7,2026-05-29 22:06:00,1004.7,2026-05-29 14:26:00,28.7,33.6,2026-05-29 09:50:00,25.9,2026-05-29 20:31:00,25.7,84,63,2026-05-29 09:50:00,1.5,280.0,10.5,270.0,2026-05-29 14:26:00,0.5,0.5,2026-05-29 17:49:00,0.5,2026-05-29 16:59:00,6.2,16.60,,,,,,,
12Q970,2026-05-30,1006.8,1008.7,1008.1,2026-05-30 08:36:00,1004.9,2026-05-30 15:45:00,27.8,30.8,2026-05-30 11:33:00,25.2,2026-05-30 03:21:00,24.7,83,67,2026-05-30 11:28:00,1.6,280.0,8.2,270.0,2026-05-30 12:03:00,3.5,1.5,2026-05-30 04:12:00,2.0,2026-05-30 03:22:00,9.8,18.27,,,,,,,
12Q970,2026-05-31,1005.9,1007.7,1007.0,2026-05-31 22:35:00,1004.2,2026-05-31 15:46:00,28.0,30.4,2026-05-31 12:38:00,25.1,2026-05-31 06:43:00,24.3,81,66,2026-05-31 16:27:00,1.9,210.0,6.2,200.0,2026-05-31 12:40:00,1.0,0.5,2026-05-31 03:22:00,1.0,2026-05-31 03:03:00,10.3,22.55,,,,,,,
12Q970,2026-06-01,1005.5,1007.3,1006.7,2026-06-01 23:01:00,1003.6,2026-06-01 16:05:00,28.6,31.9,2026-06-01 15:52:00,26.4,2026-06-01 05:15:00,23.5,74,57,2026-06-01 17:04:00,1.6,280.0,8.8,270.0,2026-06-01 14:36:00,0.0,0.0,,0.0,,10.6,21.91,,,,,,,
12Q970,2026-06-02,1005.5,1007.3,1006.8,2026-06-02 09:20:00,1003.7,2026-06-02 16:59:00,28.7,32.5,2026-06-02 16:55:00,25.9,2026-06-02 05:19:00,22.0,69,32,2026-06-02 16:38:00,1.9,280.0,9.4,270.0,2026-06-02 15:39:00,0.0,0.0,,0.0,,10.6,25.16,,,,,,,
12Q970,2026-06-03,1004.8,1006.6,1006.3,2026-06-03 08:01:00,1002.6,2026-06-03 16:09:00,28.9,32.8,2026-06-03 13:54:00,24.7,2026-06-03 04:54:00,22.8,70,44,2026-06-03 12:03:00,1.9,180.0,8.3,160.0,2026-06-03 23:31:00,0.0,0.0,,0.0,,10.0,26.33,,,,,,,
12Q970,2026-06-04,1003.5,1005.4,1004.3,2026-06-04 10:25:00,1001.9,2026-06-04 23:40:00,27.1,30.0,2026-06-04 14:13:00,24.6,2026-06-04 19:21:00,25.4,90,76,2026-06-04 11:12:00,2.8,230.0,12.0,200.0,2026-06-04 14:51:00,42.0,10.5,2026-06-04 17:13:00,14.5,2026-06-04 17:12:00,7.4,10.16,,,,,,,
12Q970,2026-06-05,1002.6,1004.4,1004.9,2026-06-05 22:17:00,1001.3,2026-06-05 15:56:00,25.8,27.9,2026-06-05 09:29:00,24.6,2026-06-05 19:56:00,25.3,97,84,2026-06-05 09:18:00,2.0,280.0,11.0,170.0,2026-06-05 01:33:00,394.5,58.0,2026-06-05 16:58:00,167.5,2026-06-05 16:55:00,3.9,4.35,,,,,,,
12Q970,2026-06-06,1005.9,1007.7,1008.1,2026-06-06 21:47:00,1003.8,2026-06-06 01:48:00,28.5,32.4,2026-06-06 11:49:00,25.2,2026-06-06 00:49:00,25.6,85,64,2026-06-06 13:12:00,1.2,280.0,8.1,270.0,2026-06-06 14:39:00,2.0,2.0,2026-06-06 03:40:00,2.0,2026-06-06 02:50:00,11.0,19.91,,,,,,,
12Q970,2026-06-07,1006.2,1008.0,1007.7,2026-06-07 00:42:00,1004.7,2026-06-07 16:25:00,28.2,30.6,2026-06-07 11:58:00,25.0,2026-06-07 01:06:00,25.6,86,74,2026-06-07 14:11:00,2.6,170.0,8.9,210.0,2026-06-07 13:00:00,6.0,6.0,2026-06-07 00:36:00,6.0,2026-06-07 23:59:00,10.1,18.27,,,,,,,
12Q970,2026-06-08,1003.9,1005.8,1005.6,2026-06-08 00:05:00,1001.5,2026-06-08 16:07:00,27.4,29.9,2026-06-08 09:28:00,25.4,2026-06-08 18:44:00,25.5,89,77,2026-06-08 09:37:00,2.3,200.0,12.0,210.0,2026-06-08 10:40:00,17.5,5.5,2026-06-08 14:49:00,6.5,2026-06-08 14:22:00,7.7,11.74,,,,,,,
12Q970,2026-06-09,1003.6,1005.4,1004.9,2026-06-09 22:30:00,1002.9,2026-06-09 19:14:00,26.2,26.6,2026-06-09 23:21:00,25.7,2026-06-09 18:06:00,24.8,92,87,2026-06-09 20:06:00,1.8,90.0,4.4,90.0,2026-06-09 18:32:00,58.5,0.5,2026-06-09 22:44:00,0.5,2026-06-09 21:54:00,1.6,3.17,,,,,,,
12Q970,2026-06-10,1006.2,1008.0,1009.5,2026-06-10 22:46:00,1003.0,2026-06-10 03:13:00,26.8,28.0,2026-06-10 18:06:00,25.0,2026-06-10 08:15:00,25.4,92,81,2026-06-10 23:47:00,1.8,200.0,11.3,230.0,2026-06-10 08:11:00,28.5,4.5,2026-06-10 03:57:00,12.5,2026-06-10 03:31:00,3.2,4.42,,,,,,,
12Q970,2026-06-11,1009.8,1011.6,1012.0,2026-06-11 21:49:00,1007.6,2026-06-11 02:20:00,27.5,30.7,2026-06-11 14:15:00,25.6,2026-06-11 17:23:00,25.0,86,68,2026-06-11 14:16:00,1.8,180.0,7.2,180.0,2026-06-11 17:46:00,8.5,4.0,2026-06-11 17:07:00,6.5,2026-06-11 16:57:00,9.0,12.94,,,,,,,
12Q970,2026-06-12,1010.4,1012.2,1011.4,2026-06-12 09:01:00,1009.2,2026-06-12 15:11:00,26.3,28.2,2026-06-12 10:27:00,24.7,2026-06-12 18:53:00,25.2,94,82,2026-06-12 10:32:00,1.4,180.0,7.8,210.0,2026-06-12 14:52:00,103.5,21.5,2026-06-12 18:19:00,60.5,2026-06-12 15:35:00,3.8,5.14,,,,,,,
12Q970,2026-06-13,1008.2,1010.1,1009.7,2026-06-13 10:29:00,1006.3,2026-06-13 16:25:00,27.7,30.4,2026-06-13 11:54:00,27.2,2026-06-13 23:36:00,24.3,83,63,2026-06-13 17:29:00,1.6,290.0,7.6,270.0,2026-06-13 13:22:00,0.0,0.0,,0.0,,9.3,20.66,,,,,,,
12Q970,2026-06-14,1007.2,1009.1,1009.3,2026-06-14 21:48:00,1006.1,2026-06-14 16:05:00,27.3,31.1,2026-06-14 08:31:00,23.9,2026-06-14 21:19:00,24.8,86,68,2026-06-14 08:39:00,1.4,100.0,7.3,350.0,2026-06-14 16:45:00,63.5,20.5,2026-06-14 20:30:00,50.5,2026-06-14 19:56:00,8.1,11.50,,,,,,,
12Q970,2026-06-15,1008.0,1009.8,1010.7,2026-06-15 23:10:00,1005.9,2026-06-15 04:36:00,24.8,26.2,2026-06-15 10:03:00,23.5,2026-06-15 11:56:00,24.3,97,90,2026-06-15 13:31:00,1.0,100.0,7.5,320.0,2026-06-15 18:04:00,274.0,60.0,2026-06-15 18:00:00,137.0,2026-06-15 10:58:00,1.5,2.72,,,,,,,
12Q970,2026-06-16,1009.4,1011.3,1010.9,2026-06-16 19:44:00,1007.7,2026-06-16 05:13:00,26.6,30.7,2026-06-16 10:21:00,23.9,2026-06-16 19:01:00,24.7,89,71,2026-06-16 10:21:00,1.2,100.0,6.8,180.0,2026-06-16 15:26:00,54.5,20.5,2026-06-16 17:33:00,45.0,2026-06-16 16:51:00,8.7,10.68,,,,,,,
12Q970,2026-06-17,1010.8,1012.7,1012.2,2026-06-17 21:58:00,1009.8,2026-06-17 16:05:00,28.0,31.8,2026-06-17 16:32:00,27.4,2026-06-17 23:47:00,25.2,84,68,2026-06-17 16:37:00,1.2,100.0,4.3,180.0,2026-06-17 14:13:00,20.5,0.0,,0.0,,8.6,14.21,,,,,,,
12Q970,2026-06-18,1010.7,1012.5,1011.8,2026-06-18 21:47:00,1009.7,2026-06-18 15:44:00,28.5,30.8,2026-06-18 15:42:00,26.8,2026-06-18 23:54:00,25.2,82,68,2026-06-18 15:24:00,1.7,90.0,4.5,220.0,2026-06-18 15:24:00,0.0,0.0,,0.0,,8.0,21.33,,,,,,,
12Q970,2026-06-19,1010.0,1011.9,1011.1,2026-06-19 22:41:00,1009.0,2026-06-19 16:39:00,28.9,31.9,2026-06-19 14:24:00,25.3,2026-06-19 04:44:00,24.6,78,56,2026-06-19 09:12:00,1.6,110.0,6.7,210.0,2026-06-19 12:59:00,0.0,0.0,,0.0,,10.3,26.63,,,,,,,
12Q970,2026-06-20,1009.7,1011.6,1010.8,2026-06-20 10:41:00,1008.3,2026-06-20 16:11:00,29.4,32.7,2026-06-20 16:29:00,26.0,2026-06-20 03:47:00,24.5,75,60,2026-06-20 16:19:00,1.8,340.0,9.7,270.0,2026-06-20 13:20:00,0.0,0.0,,0.0,,10.3,26.03,,,,,,,
12Q970,2026-06-21,1008.7,1010.5,1010.3,2026-06-21 07:27:00,1006.6,2026-06-21 15:57:00,29.1,32.0,2026-06-21 13:41:00,25.7,2026-06-21 04:57:00,24.4,76,59,2026-06-21 09:39:00,1.6,280.0,9.9,270.0,2026-06-21 13:26:00,0.0,0.0,,0.0,,10.3,26.86,,,,,,,
12Q970,2026-06-22,1005.4,1007.2,1006.6,2026-06-22 10:06:00,1003.4,2026-06-22 16:25:00,28.9,32.1,2026-06-22 10:06:00,28.2,2026-06-22 23:23:00,24.8,79,64,2026-06-22 10:06:00,1.9,280.0,9.1,280.0,2026-06-22 12:30:00,0.0,0.0,,0.0,,9.3,23.50,,,,,,,
12Q970,2026-06-23,1002.9,1004.7,1003.9,2026-06-23 22:07:00,1001.3,2026-06-23 16:42:00,29.6,33.1,2026-06-23 15:33:00,26.1,2026-06-23 05:24:00,25.0,77,49,2026-06-23 15:26:00,1.8,280.0,9.2,270.0,2026-06-23 12:38:00,0.0,0.0,,0.0,,10.8,24.60,,,,,,,
12Q970,2026-06-24,1002.2,1004.0,1003.3,2026-06-24 22:47:00,1000.4,2026-06-24 14:53:00,30.1,32.7,2026-06-24 13:38:00,27.5,2026-06-24 23:57:00,25.8,78,62,2026-06-24 13:36:00,2.0,320.0,10.9,310.0,2026-06-24 14:54:00,4.0,3.0,2026-06-24 22:49:00,4.0,2026-06-24 22:00:00,8.7,16.53,,,,,,,
12Q970,2026-06-25,1003.0,1004.9,1004.7,2026-06-25 21:07:00,1001.3,2026-06-25 02:22:00,25.5,29.2,2026-06-25 01:14:00,23.7,2026-06-25 11:01:00,25.0,97,82,2026-06-25 01:38:00,1.5,70.0,9.5,90.0,2026-06-25 10:30:00,191.5,30.5,2026-06-25 23:40:00,51.0,2026-06-25 08:01:00,0.0,0.65,,,,,,,
12Q970,2026-06-26,1004.4,1006.2,,,,,25.1,,,,,24.9,98,,,1.3,90.0,,,,594.5,,,,,2.7,3.27,,,,,,,
12Q970,2026-06-27,1005.4,1007.3,1006.6,2026-06-27 19:57:00,1004.2,2026-06-27 16:24:00,27.6,32.5,2026-06-27 14:20:00,25.0,2026-06-27 06:09:00,24.9,86,58,2026-06-27 14:03:00,1.1,20.0,7.4,250.0,2026-06-27 04:01:00,9.5,4.0,2026-06-27 03:10:00,4.0,2026-06-27 02:20:00,8.3,10.35,,,,,,,
12Q970,2026-06-28,1006.3,1008.1,1007.7,2026-06-28 22:19:00,1005.1,2026-06-28 16:34:00,28.7,31.7,2026-06-28 15:27:00,27.9,2026-06-28 23:59:00,25.6,83,64,2026-06-28 13:08:00,1.2,100.0,5.1,210.0,2026-06-28 14:11:00,0.0,0.0,,0.0,,9.2,10.57,,,,,,,
